,accuracy_score,classifier__max_depth,classifier__min_samples_leaf,count_mx__max_df,count_mx__min_df,count_mx__ngram_range,lda__learning_decay,lda__n_components
0,0.9833333333333333,17,1,0.6,16,"(1, 3)",0.7,12
1,0.9833333333333333,17,1,0.7,16,"(1, 3)",0.7,12
2,0.9833333333333333,17,1,0.8,16,"(1, 3)",0.7,12
3,0.9833333333333333,17,1,0.5,20,"(1, 3)",0.7,6
4,0.98,17,1,80.0,7,"(1, 3)",0.9,6
5,0.9783333333333334,17,1,0.6,5,"(1, 1)",0.7,12
6,0.9783333333333334,17,1,0.7,5,"(1, 1)",0.7,12
7,0.9783333333333334,17,1,0.8,5,"(1, 1)",0.7,12
8,0.9783333333333334,17,1,0.6,6,"(1, 1)",0.7,12
9,0.9783333333333334,17,1,0.7,6,"(1, 1)",0.7,12
10,0.9783333333333334,17,1,0.8,6,"(1, 1)",0.7,12
11,0.9783333333333334,17,1,70.0,17,"(1, 2)",0.7,6
12,0.9783333333333334,17,1,0.6,19,"(1, 1)",0.7,12
13,0.9783333333333334,17,1,0.6,19,"(1, 2)",0.7,12
14,0.9783333333333334,17,1,0.7,19,"(1, 1)",0.7,12
15,0.9783333333333334,17,1,0.7,19,"(1, 2)",0.7,12
16,0.9783333333333334,17,1,0.8,19,"(1, 1)",0.7,12
17,0.9783333333333334,17,1,0.8,19,"(1, 2)",0.7,12
18,0.9783333333333334,17,1,60.0,21,"(1, 3)",0.7,6
19,0.9766666666666667,17,1,0.5,10,"(1, 1)",0.7,6
20,0.9766666666666667,17,1,0.5,14,"(1, 4)",0.7,12
21,0.9766666666666667,17,1,70.0,16,"(1, 4)",0.7,6
22,0.9766666666666667,17,1,70.0,17,"(1, 2)",0.9,6
23,0.9766666666666667,17,1,0.5,19,"(1, 2)",0.9,6
24,0.9766666666666667,17,1,0.5,21,"(1, 2)",0.9,6
25,0.975,17,1,0.5,6,"(1, 1)",0.7,12
26,0.975,17,1,0.5,17,"(1, 4)",0.7,6
27,0.975,17,1,0.5,20,"(1, 4)",0.7,12
28,0.975,17,1,0.6,21,"(1, 4)",0.7,6
29,0.975,17,1,0.7,21,"(1, 4)",0.7,6
30,0.975,17,1,0.8,21,"(1, 4)",0.7,6
31,0.9733333333333334,17,1,0.5,8,"(1, 3)",0.7,12
32,0.9733333333333334,17,1,70.0,9,"(1, 2)",0.7,6
33,0.9733333333333334,17,1,70.0,9,"(1, 4)",0.7,6
34,0.9733333333333334,17,1,0.5,18,"(1, 2)",0.7,12
35,0.9716666666666667,17,1,70.0,6,"(1, 2)",0.7,12
36,0.9716666666666667,17,1,80.0,6,"(1, 2)",0.9,6
37,0.9716666666666667,17,1,0.5,8,"(1, 4)",0.7,12
38,0.9716666666666667,17,1,60.0,8,"(1, 3)",0.7,12
39,0.9716666666666667,17,1,0.6,14,"(1, 4)",0.9,6
40,0.9716666666666667,17,1,0.7,14,"(1, 4)",0.9,6
41,0.9716666666666667,17,1,0.8,14,"(1, 4)",0.9,6
42,0.9716666666666667,17,1,0.6,15,"(1, 2)",0.7,6
43,0.9716666666666667,17,1,0.7,15,"(1, 2)",0.7,6
44,0.9716666666666667,17,1,0.8,15,"(1, 2)",0.7,6
45,0.9716666666666667,17,1,70.0,15,"(1, 2)",0.7,12
46,0.9716666666666667,17,1,0.5,19,"(1, 3)",0.9,12
47,0.9716666666666667,17,1,0.5,20,"(1, 1)",0.7,12
48,0.9716666666666667,17,1,70.0,20,"(1, 1)",0.9,12
49,0.97,17,1,80.0,6,"(1, 2)",0.7,6
50,0.97,17,1,60.0,9,"(1, 2)",0.7,6
51,0.97,17,1,80.0,9,"(1, 1)",0.9,12
52,0.97,17,1,0.5,10,"(1, 4)",0.7,12
53,0.97,17,1,0.6,11,"(1, 3)",0.7,12
54,0.97,17,1,0.7,11,"(1, 3)",0.7,12
55,0.97,17,1,0.8,11,"(1, 3)",0.7,12
56,0.97,17,1,0.6,13,"(1, 2)",0.7,12
57,0.97,17,1,0.7,13,"(1, 2)",0.7,12
58,0.97,17,1,0.8,13,"(1, 2)",0.7,12
59,0.97,17,1,0.5,14,"(1, 1)",0.9,12
60,0.97,17,1,70.0,14,"(1, 2)",0.9,6
61,0.97,17,1,0.5,15,"(1, 4)",0.9,12
62,0.97,17,1,80.0,15,"(1, 2)",0.9,6
63,0.97,17,1,80.0,15,"(1, 3)",0.7,12
64,0.97,17,1,0.5,16,"(1, 2)",0.7,12
65,0.97,17,1,0.6,16,"(1, 2)",0.7,12
66,0.97,17,1,0.7,16,"(1, 2)",0.7,12
67,0.97,17,1,0.8,16,"(1, 2)",0.7,12
68,0.97,17,1,0.5,17,"(1, 1)",0.7,12
69,0.97,17,1,0.5,19,"(1, 2)",0.7,12
70,0.97,17,1,0.5,20,"(1, 2)",0.9,6
71,0.97,17,1,0.6,20,"(1, 3)",0.7,12
72,0.97,17,1,0.7,20,"(1, 3)",0.7,12
73,0.97,17,1,0.8,20,"(1, 3)",0.7,12
74,0.97,17,1,0.6,21,"(1, 3)",0.7,6
75,0.97,17,1,0.7,21,"(1, 3)",0.7,6
76,0.97,17,1,0.8,21,"(1, 3)",0.7,6
77,0.9683333333333334,17,1,80.0,3,"(1, 1)",0.9,6
78,0.9683333333333334,17,1,0.6,7,"(1, 1)",0.7,6
79,0.9683333333333334,17,1,0.7,7,"(1, 1)",0.7,6
80,0.9683333333333334,17,1,0.8,7,"(1, 1)",0.7,6
81,0.9683333333333334,17,1,70.0,7,"(1, 1)",0.7,12
82,0.9683333333333334,17,1,0.6,8,"(1, 3)",0.7,6
83,0.9683333333333334,17,1,0.7,8,"(1, 3)",0.7,6
84,0.9683333333333334,17,1,0.8,8,"(1, 3)",0.7,6
85,0.9683333333333334,17,1,0.5,11,"(1, 2)",0.7,12
86,0.9683333333333334,17,1,0.6,14,"(1, 3)",0.7,12
87,0.9683333333333334,17,1,0.6,14,"(1, 1)",0.9,12
88,0.9683333333333334,17,1,0.6,14,"(1, 2)",0.9,12
89,0.9683333333333334,17,1,0.7,14,"(1, 3)",0.7,12
90,0.9683333333333334,17,1,0.7,14,"(1, 1)",0.9,12
91,0.9683333333333334,17,1,0.7,14,"(1, 2)",0.9,12
92,0.9683333333333334,17,1,0.8,14,"(1, 3)",0.7,12
93,0.9683333333333334,17,1,0.8,14,"(1, 1)",0.9,12
94,0.9683333333333334,17,1,0.8,14,"(1, 2)",0.9,12
95,0.9683333333333334,17,1,0.5,15,"(1, 1)",0.9,6
96,0.9683333333333334,17,1,0.6,15,"(1, 3)",0.7,12
97,0.9683333333333334,17,1,0.7,15,"(1, 3)",0.7,12
98,0.9683333333333334,17,1,0.8,15,"(1, 3)",0.7,12
99,0.9683333333333334,17,1,70.0,15,"(1, 3)",0.7,12
100,0.9683333333333334,17,1,80.0,15,"(1, 2)",0.7,12
101,0.9683333333333334,17,1,0.5,16,"(1, 3)",0.7,12
102,0.9683333333333334,17,1,0.6,16,"(1, 2)",0.7,6
103,0.9683333333333334,17,1,0.6,16,"(1, 4)",0.9,6
104,0.9683333333333334,17,1,0.7,16,"(1, 2)",0.7,6
105,0.9683333333333334,17,1,0.7,16,"(1, 4)",0.9,6
106,0.9683333333333334,17,1,0.8,16,"(1, 2)",0.7,6
107,0.9683333333333334,17,1,0.8,16,"(1, 4)",0.9,6
108,0.9683333333333334,17,1,70.0,16,"(1, 3)",0.9,6
109,0.9683333333333334,17,1,70.0,16,"(1, 4)",0.7,12
110,0.9683333333333334,17,1,0.5,17,"(1, 2)",0.9,6
111,0.9683333333333334,17,1,0.5,17,"(1, 4)",0.7,12
112,0.9683333333333334,17,1,70.0,17,"(1, 4)",0.7,6
113,0.9683333333333334,17,1,60.0,18,"(1, 1)",0.7,6
114,0.9683333333333334,17,1,0.6,20,"(1, 1)",0.7,6
115,0.9683333333333334,17,1,0.7,20,"(1, 1)",0.7,6
116,0.9683333333333334,17,1,0.8,20,"(1, 1)",0.7,6
117,0.9683333333333334,17,1,80.0,20,"(1, 4)",0.9,6
118,0.9683333333333334,17,1,0.5,21,"(1, 1)",0.7,12
119,0.9683333333333334,17,1,0.6,21,"(1, 3)",0.7,12
120,0.9683333333333334,17,1,0.6,21,"(1, 4)",0.7,12
121,0.9683333333333334,17,1,0.7,21,"(1, 3)",0.7,12
122,0.9683333333333334,17,1,0.7,21,"(1, 4)",0.7,12
123,0.9683333333333334,17,1,0.8,21,"(1, 3)",0.7,12
124,0.9683333333333334,17,1,0.8,21,"(1, 4)",0.7,12
125,0.9683333333333334,17,1,80.0,21,"(1, 2)",0.7,6
126,0.9683333333333334,17,1,80.0,21,"(1, 3)",0.7,12
127,0.9666666666666667,17,1,0.6,4,"(1, 1)",0.7,12
128,0.9666666666666667,17,1,0.7,4,"(1, 1)",0.7,12
129,0.9666666666666667,17,1,0.8,4,"(1, 1)",0.7,12
130,0.9666666666666667,17,1,60.0,6,"(1, 3)",0.9,12
131,0.9666666666666667,17,1,80.0,6,"(1, 1)",0.9,6
132,0.9666666666666667,17,1,0.6,7,"(1, 2)",0.7,6
133,0.9666666666666667,17,1,0.7,7,"(1, 2)",0.7,6
134,0.9666666666666667,17,1,0.8,7,"(1, 2)",0.7,6
135,0.9666666666666667,17,1,80.0,7,"(1, 1)",0.7,12
136,0.9666666666666667,17,1,0.6,8,"(1, 1)",0.7,12
137,0.9666666666666667,17,1,0.7,8,"(1, 1)",0.7,12
138,0.9666666666666667,17,1,0.8,8,"(1, 1)",0.7,12
139,0.9666666666666667,17,1,0.5,9,"(1, 1)",0.7,6
140,0.9666666666666667,17,1,70.0,9,"(1, 4)",0.9,6
141,0.9666666666666667,17,1,0.6,10,"(1, 1)",0.7,6
142,0.9666666666666667,17,1,0.7,10,"(1, 1)",0.7,6
143,0.9666666666666667,17,1,0.8,10,"(1, 1)",0.7,6
144,0.9666666666666667,17,1,60.0,10,"(1, 2)",0.9,12
145,0.9666666666666667,17,1,80.0,10,"(1, 2)",0.7,12
146,0.9666666666666667,17,1,0.5,11,"(1, 4)",0.9,6
147,0.9666666666666667,17,1,0.5,11,"(1, 3)",0.7,12
148,0.9666666666666667,17,1,0.5,12,"(1, 3)",0.7,12
149,0.9666666666666667,17,1,0.6,14,"(1, 2)",0.7,12
150,0.9666666666666667,17,1,0.7,14,"(1, 2)",0.7,12
151,0.9666666666666667,17,1,0.8,14,"(1, 2)",0.7,12
152,0.9666666666666667,17,1,60.0,14,"(1, 1)",0.9,6
153,0.9666666666666667,17,1,0.5,15,"(1, 2)",0.7,6
154,0.9666666666666667,17,1,0.5,15,"(1, 3)",0.7,6
155,0.9666666666666667,17,1,0.5,15,"(1, 4)",0.7,12
156,0.9666666666666667,17,1,60.0,15,"(1, 2)",0.7,6
157,0.9666666666666667,17,1,0.5,16,"(1, 1)",0.7,6
158,0.9666666666666667,17,1,0.5,16,"(1, 3)",0.7,6
159,0.9666666666666667,17,1,0.6,16,"(1, 2)",0.9,6
160,0.9666666666666667,17,1,0.7,16,"(1, 2)",0.9,6
161,0.9666666666666667,17,1,0.8,16,"(1, 2)",0.9,6
162,0.9666666666666667,17,1,0.5,17,"(1, 3)",0.9,6
163,0.9666666666666667,17,1,0.6,17,"(1, 2)",0.7,6
164,0.9666666666666667,17,1,0.6,17,"(1, 2)",0.7,12
165,0.9666666666666667,17,1,0.7,17,"(1, 2)",0.7,6
166,0.9666666666666667,17,1,0.7,17,"(1, 2)",0.7,12
167,0.9666666666666667,17,1,0.8,17,"(1, 2)",0.7,6
168,0.9666666666666667,17,1,0.8,17,"(1, 2)",0.7,12
169,0.9666666666666667,17,1,0.6,18,"(1, 1)",0.7,12
170,0.9666666666666667,17,1,0.6,18,"(1, 2)",0.9,12
171,0.9666666666666667,17,1,0.7,18,"(1, 1)",0.7,12
172,0.9666666666666667,17,1,0.7,18,"(1, 2)",0.9,12
173,0.9666666666666667,17,1,0.8,18,"(1, 1)",0.7,12
174,0.9666666666666667,17,1,0.8,18,"(1, 2)",0.9,12
175,0.9666666666666667,17,1,70.0,18,"(1, 4)",0.9,6
176,0.9666666666666667,17,1,0.5,19,"(1, 3)",0.9,6
177,0.9666666666666667,17,1,0.6,20,"(1, 2)",0.7,12
178,0.9666666666666667,17,1,0.7,20,"(1, 2)",0.7,12
179,0.9666666666666667,17,1,0.8,20,"(1, 2)",0.7,12
180,0.9666666666666667,17,1,0.5,21,"(1, 2)",0.9,12
181,0.9666666666666667,17,1,70.0,21,"(1, 4)",0.9,12
182,0.965,17,1,0.5,7,"(1, 4)",0.9,6
183,0.965,17,1,0.5,8,"(1, 4)",0.7,6
184,0.965,17,1,80.0,8,"(1, 2)",0.9,12
185,0.965,17,1,0.5,9,"(1, 4)",0.7,6
186,0.965,17,1,0.6,9,"(1, 3)",0.7,12
187,0.965,17,1,0.6,9,"(1, 2)",0.9,12
188,0.965,17,1,0.7,9,"(1, 3)",0.7,12
189,0.965,17,1,0.7,9,"(1, 2)",0.9,12
190,0.965,17,1,0.8,9,"(1, 3)",0.7,12
191,0.965,17,1,0.8,9,"(1, 2)",0.9,12
192,0.965,17,1,0.5,10,"(1, 3)",0.7,12
193,0.965,17,1,0.5,11,"(1, 1)",0.9,6
194,0.965,17,1,0.5,11,"(1, 3)",0.9,12
195,0.965,17,1,0.6,11,"(1, 1)",0.7,6
196,0.965,17,1,0.6,11,"(1, 1)",0.9,6
197,0.965,17,1,0.7,11,"(1, 1)",0.7,6
198,0.965,17,1,0.7,11,"(1, 1)",0.9,6
199,0.965,17,1,0.8,11,"(1, 1)",0.7,6
200,0.965,17,1,0.8,11,"(1, 1)",0.9,6
201,0.965,17,1,70.0,11,"(1, 1)",0.9,6
202,0.965,17,1,0.6,12,"(1, 2)",0.9,12
203,0.965,17,1,0.7,12,"(1, 2)",0.9,12
204,0.965,17,1,0.8,12,"(1, 2)",0.9,12
205,0.965,17,1,0.5,13,"(1, 2)",0.9,6
206,0.965,17,1,0.6,13,"(1, 4)",0.9,12
207,0.965,17,1,0.7,13,"(1, 4)",0.9,12
208,0.965,17,1,0.8,13,"(1, 4)",0.9,12
209,0.965,17,1,70.0,13,"(1, 3)",0.7,6
210,0.965,17,1,70.0,13,"(1, 4)",0.7,6
211,0.965,17,1,70.0,13,"(1, 3)",0.9,6
212,0.965,17,1,80.0,13,"(1, 4)",0.9,6
213,0.965,17,1,0.5,14,"(1, 3)",0.7,12
214,0.965,17,1,0.6,14,"(1, 4)",0.7,12
215,0.965,17,1,0.7,14,"(1, 4)",0.7,12
216,0.965,17,1,0.8,14,"(1, 4)",0.7,12
217,0.965,17,1,80.0,14,"(1, 2)",0.7,6
218,0.965,17,1,60.0,15,"(1, 1)",0.9,6
219,0.965,17,1,70.0,15,"(1, 4)",0.9,12
220,0.965,17,1,0.6,17,"(1, 1)",0.7,12
221,0.965,17,1,0.6,17,"(1, 4)",0.7,12
222,0.965,17,1,0.6,17,"(1, 2)",0.9,12
223,0.965,17,1,0.7,17,"(1, 1)",0.7,12
224,0.965,17,1,0.7,17,"(1, 4)",0.7,12
225,0.965,17,1,0.7,17,"(1, 2)",0.9,12
226,0.965,17,1,0.8,17,"(1, 1)",0.7,12
227,0.965,17,1,0.8,17,"(1, 4)",0.7,12
228,0.965,17,1,0.8,17,"(1, 2)",0.9,12
229,0.965,17,1,60.0,17,"(1, 4)",0.9,12
230,0.965,17,1,0.5,18,"(1, 4)",0.9,6
231,0.965,17,1,0.6,18,"(1, 3)",0.7,12
232,0.965,17,1,0.7,18,"(1, 3)",0.7,12
233,0.965,17,1,0.8,18,"(1, 3)",0.7,12
234,0.965,17,1,60.0,18,"(1, 3)",0.9,12
235,0.965,17,1,0.5,19,"(1, 3)",0.7,6
236,0.965,17,1,60.0,19,"(1, 2)",0.7,6
237,0.965,17,1,80.0,20,"(1, 3)",0.7,6
238,0.965,17,1,0.5,21,"(1, 4)",0.9,6
239,0.965,17,1,0.5,21,"(1, 3)",0.9,12
240,0.9633333333333334,17,1,80.0,5,"(1, 3)",0.7,12
241,0.9633333333333334,17,1,0.5,6,"(1, 1)",0.9,12
242,0.9633333333333334,17,1,0.6,6,"(1, 4)",0.7,12
243,0.9633333333333334,17,1,0.7,6,"(1, 4)",0.7,12
244,0.9633333333333334,17,1,0.8,6,"(1, 4)",0.7,12
245,0.9633333333333334,17,1,60.0,7,"(1, 4)",0.7,6
246,0.9633333333333334,17,1,80.0,7,"(1, 3)",0.7,6
247,0.9633333333333334,17,1,70.0,8,"(1, 1)",0.9,6
248,0.9633333333333334,17,1,0.5,9,"(1, 2)",0.7,6
249,0.9633333333333334,17,1,0.6,9,"(1, 4)",0.7,12
250,0.9633333333333334,17,1,0.7,9,"(1, 4)",0.7,12
251,0.9633333333333334,17,1,0.8,9,"(1, 4)",0.7,12
252,0.9633333333333334,17,1,0.5,10,"(1, 3)",0.7,6
253,0.9633333333333334,17,1,0.5,10,"(1, 2)",0.9,12
254,0.9633333333333334,17,1,80.0,10,"(1, 2)",0.9,6
255,0.9633333333333334,17,1,0.5,11,"(1, 4)",0.7,12
256,0.9633333333333334,17,1,0.6,12,"(1, 2)",0.7,12
257,0.9633333333333334,17,1,0.7,12,"(1, 2)",0.7,12
258,0.9633333333333334,17,1,0.8,12,"(1, 2)",0.7,12
259,0.9633333333333334,17,1,80.0,12,"(1, 4)",0.7,12
260,0.9633333333333334,17,1,0.5,13,"(1, 3)",0.7,6
261,0.9633333333333334,17,1,0.6,13,"(1, 1)",0.9,12
262,0.9633333333333334,17,1,0.7,13,"(1, 1)",0.9,12
263,0.9633333333333334,17,1,0.8,13,"(1, 1)",0.9,12
264,0.9633333333333334,17,1,70.0,13,"(1, 2)",0.7,6
265,0.9633333333333334,17,1,0.5,14,"(1, 4)",0.9,12
266,0.9633333333333334,17,1,0.6,14,"(1, 4)",0.7,6
267,0.9633333333333334,17,1,0.6,14,"(1, 1)",0.9,6
268,0.9633333333333334,17,1,0.7,14,"(1, 4)",0.7,6
269,0.9633333333333334,17,1,0.7,14,"(1, 1)",0.9,6
270,0.9633333333333334,17,1,0.8,14,"(1, 4)",0.7,6
271,0.9633333333333334,17,1,0.8,14,"(1, 1)",0.9,6
272,0.9633333333333334,17,1,60.0,14,"(1, 1)",0.7,6
273,0.9633333333333334,17,1,70.0,14,"(1, 4)",0.9,6
274,0.9633333333333334,17,1,70.0,15,"(1, 3)",0.9,6
275,0.9633333333333334,17,1,0.6,16,"(1, 3)",0.7,6
276,0.9633333333333334,17,1,0.6,16,"(1, 1)",0.7,12
277,0.9633333333333334,17,1,0.7,16,"(1, 3)",0.7,6
278,0.9633333333333334,17,1,0.7,16,"(1, 1)",0.7,12
279,0.9633333333333334,17,1,0.8,16,"(1, 3)",0.7,6
280,0.9633333333333334,17,1,0.8,16,"(1, 1)",0.7,12
281,0.9633333333333334,17,1,0.5,17,"(1, 3)",0.7,12
282,0.9633333333333334,17,1,0.6,17,"(1, 4)",0.7,6
283,0.9633333333333334,17,1,0.7,17,"(1, 4)",0.7,6
284,0.9633333333333334,17,1,0.8,17,"(1, 4)",0.7,6
285,0.9633333333333334,17,1,80.0,17,"(1, 4)",0.7,12
286,0.9633333333333334,17,1,0.5,18,"(1, 2)",0.9,12
287,0.9633333333333334,17,1,0.5,19,"(1, 4)",0.7,6
288,0.9633333333333334,17,1,0.6,19,"(1, 4)",0.9,12
289,0.9633333333333334,17,1,0.7,19,"(1, 4)",0.9,12
290,0.9633333333333334,17,1,0.8,19,"(1, 4)",0.9,12
291,0.9633333333333334,17,1,0.5,20,"(1, 3)",0.9,6
292,0.9633333333333334,17,1,70.0,20,"(1, 4)",0.7,6
293,0.9633333333333334,17,1,0.6,21,"(1, 4)",0.9,6
294,0.9633333333333334,17,1,0.6,21,"(1, 2)",0.9,12
295,0.9633333333333334,17,1,0.7,21,"(1, 4)",0.9,6
296,0.9633333333333334,17,1,0.7,21,"(1, 2)",0.9,12
297,0.9633333333333334,17,1,0.8,21,"(1, 4)",0.9,6
298,0.9633333333333334,17,1,0.8,21,"(1, 2)",0.9,12
299,0.9633333333333334,17,1,80.0,21,"(1, 3)",0.9,12
300,0.9616666666666667,17,1,0.5,5,"(1, 1)",0.9,6
301,0.9616666666666667,17,1,0.6,7,"(1, 1)",0.7,12
302,0.9616666666666667,17,1,0.7,7,"(1, 1)",0.7,12
303,0.9616666666666667,17,1,0.8,7,"(1, 1)",0.7,12
304,0.9616666666666667,17,1,80.0,7,"(1, 1)",0.9,6
305,0.9616666666666667,17,1,0.5,8,"(1, 1)",0.7,6
306,0.9616666666666667,17,1,0.5,8,"(1, 2)",0.7,6
307,0.9616666666666667,17,1,0.5,8,"(1, 3)",0.9,12
308,0.9616666666666667,17,1,0.6,9,"(1, 3)",0.7,6
309,0.9616666666666667,17,1,0.7,9,"(1, 3)",0.7,6
310,0.9616666666666667,17,1,0.8,9,"(1, 3)",0.7,6
311,0.9616666666666667,17,1,70.0,10,"(1, 3)",0.7,12
312,0.9616666666666667,17,1,80.0,10,"(1, 3)",0.7,12
313,0.9616666666666667,17,1,0.5,11,"(1, 3)",0.7,6
314,0.9616666666666667,17,1,0.5,11,"(1, 2)",0.9,6
315,0.9616666666666667,17,1,0.5,11,"(1, 2)",0.9,12
316,0.9616666666666667,17,1,0.6,11,"(1, 4)",0.9,6
317,0.9616666666666667,17,1,0.7,11,"(1, 4)",0.9,6
318,0.9616666666666667,17,1,0.8,11,"(1, 4)",0.9,6
319,0.9616666666666667,17,1,80.0,11,"(1, 2)",0.7,6
320,0.9616666666666667,17,1,0.6,12,"(1, 3)",0.9,12
321,0.9616666666666667,17,1,0.7,12,"(1, 3)",0.9,12
322,0.9616666666666667,17,1,0.8,12,"(1, 3)",0.9,12
323,0.9616666666666667,17,1,60.0,12,"(1, 2)",0.7,6
324,0.9616666666666667,17,1,0.5,13,"(1, 1)",0.9,6
325,0.9616666666666667,17,1,80.0,13,"(1, 4)",0.7,12
326,0.9616666666666667,17,1,0.6,14,"(1, 1)",0.7,6
327,0.9616666666666667,17,1,0.6,14,"(1, 2)",0.7,6
328,0.9616666666666667,17,1,0.7,14,"(1, 1)",0.7,6
329,0.9616666666666667,17,1,0.7,14,"(1, 2)",0.7,6
330,0.9616666666666667,17,1,0.8,14,"(1, 1)",0.7,6
331,0.9616666666666667,17,1,0.8,14,"(1, 2)",0.7,6
332,0.9616666666666667,17,1,0.5,15,"(1, 3)",0.7,12
333,0.9616666666666667,17,1,0.6,15,"(1, 1)",0.7,12
334,0.9616666666666667,17,1,0.7,15,"(1, 1)",0.7,12
335,0.9616666666666667,17,1,0.8,15,"(1, 1)",0.7,12
336,0.9616666666666667,17,1,0.6,16,"(1, 4)",0.7,6
337,0.9616666666666667,17,1,0.7,16,"(1, 4)",0.7,6
338,0.9616666666666667,17,1,0.8,16,"(1, 4)",0.7,6
339,0.9616666666666667,17,1,60.0,16,"(1, 4)",0.7,6
340,0.9616666666666667,17,1,70.0,16,"(1, 1)",0.9,6
341,0.9616666666666667,17,1,70.0,16,"(1, 3)",0.7,12
342,0.9616666666666667,17,1,0.5,17,"(1, 2)",0.7,12
343,0.9616666666666667,17,1,60.0,17,"(1, 1)",0.7,6
344,0.9616666666666667,17,1,80.0,17,"(1, 2)",0.7,12
345,0.9616666666666667,17,1,80.0,17,"(1, 2)",0.9,12
346,0.9616666666666667,17,1,0.5,18,"(1, 3)",0.9,6
347,0.9616666666666667,17,1,0.5,19,"(1, 1)",0.7,6
348,0.9616666666666667,17,1,0.6,19,"(1, 2)",0.7,6
349,0.9616666666666667,17,1,0.6,19,"(1, 2)",0.9,12
350,0.9616666666666667,17,1,0.7,19,"(1, 2)",0.7,6
351,0.9616666666666667,17,1,0.7,19,"(1, 2)",0.9,12
352,0.9616666666666667,17,1,0.8,19,"(1, 2)",0.7,6
353,0.9616666666666667,17,1,0.8,19,"(1, 2)",0.9,12
354,0.9616666666666667,17,1,70.0,19,"(1, 2)",0.7,6
355,0.9616666666666667,17,1,70.0,19,"(1, 4)",0.9,12
356,0.9616666666666667,17,1,80.0,19,"(1, 3)",0.7,12
357,0.9616666666666667,17,1,0.5,20,"(1, 1)",0.7,6
358,0.9616666666666667,17,1,0.6,20,"(1, 4)",0.7,6
359,0.9616666666666667,17,1,0.6,20,"(1, 3)",0.9,6
360,0.9616666666666667,17,1,0.7,20,"(1, 4)",0.7,6
361,0.9616666666666667,17,1,0.7,20,"(1, 3)",0.9,6
362,0.9616666666666667,17,1,0.8,20,"(1, 4)",0.7,6
363,0.9616666666666667,17,1,0.8,20,"(1, 3)",0.9,6
364,0.9616666666666667,17,1,70.0,20,"(1, 3)",0.9,12
365,0.9616666666666667,17,1,0.5,21,"(1, 2)",0.7,12
366,0.9616666666666667,17,1,0.6,21,"(1, 1)",0.7,6
367,0.9616666666666667,17,1,0.6,21,"(1, 1)",0.7,12
368,0.9616666666666667,17,1,0.7,21,"(1, 1)",0.7,6
369,0.9616666666666667,17,1,0.7,21,"(1, 1)",0.7,12
370,0.9616666666666667,17,1,0.8,21,"(1, 1)",0.7,6
371,0.9616666666666667,17,1,0.8,21,"(1, 1)",0.7,12
372,0.9616666666666667,17,1,60.0,21,"(1, 2)",0.9,6
373,0.9616666666666667,17,1,70.0,21,"(1, 1)",0.7,6
374,0.9616666666666667,17,1,80.0,21,"(1, 4)",0.7,6
375,0.96,17,1,60.0,5,"(1, 2)",0.9,6
376,0.96,17,1,80.0,5,"(1, 1)",0.9,6
377,0.96,17,1,0.5,6,"(1, 1)",0.9,6
378,0.96,17,1,0.5,6,"(1, 2)",0.7,12
379,0.96,17,1,0.6,6,"(1, 3)",0.7,12
380,0.96,17,1,0.7,6,"(1, 3)",0.7,12
381,0.96,17,1,0.8,6,"(1, 3)",0.7,12
382,0.96,17,1,0.5,7,"(1, 1)",0.7,12
383,0.96,17,1,70.0,7,"(1, 3)",0.7,6
384,0.96,17,1,80.0,8,"(1, 3)",0.7,12
385,0.96,17,1,80.0,8,"(1, 4)",0.9,12
386,0.96,17,1,0.5,9,"(1, 4)",0.7,12
387,0.96,17,1,80.0,10,"(1, 1)",0.9,6
388,0.96,17,1,0.6,11,"(1, 4)",0.7,12
389,0.96,17,1,0.7,11,"(1, 4)",0.7,12
390,0.96,17,1,0.8,11,"(1, 4)",0.7,12
391,0.96,17,1,0.5,12,"(1, 1)",0.9,6
392,0.96,17,1,0.5,12,"(1, 4)",0.9,6
393,0.96,17,1,0.5,12,"(1, 4)",0.7,12
394,0.96,17,1,60.0,12,"(1, 2)",0.9,6
395,0.96,17,1,0.5,13,"(1, 2)",0.7,12
396,0.96,17,1,0.6,13,"(1, 1)",0.7,6
397,0.96,17,1,0.6,13,"(1, 1)",0.7,12
398,0.96,17,1,0.6,13,"(1, 3)",0.7,12
399,0.96,17,1,0.7,13,"(1, 1)",0.7,6
400,0.96,17,1,0.7,13,"(1, 1)",0.7,12
401,0.96,17,1,0.7,13,"(1, 3)",0.7,12
402,0.96,17,1,0.8,13,"(1, 1)",0.7,6
403,0.96,17,1,0.8,13,"(1, 1)",0.7,12
404,0.96,17,1,0.8,13,"(1, 3)",0.7,12
405,0.96,17,1,0.5,14,"(1, 3)",0.9,12
406,0.96,17,1,0.6,15,"(1, 1)",0.9,12
407,0.96,17,1,0.7,15,"(1, 1)",0.9,12
408,0.96,17,1,0.8,15,"(1, 1)",0.9,12
409,0.96,17,1,0.5,16,"(1, 3)",0.9,12
410,0.96,17,1,0.5,16,"(1, 4)",0.9,12
411,0.96,17,1,0.6,16,"(1, 3)",0.9,6
412,0.96,17,1,0.7,16,"(1, 3)",0.9,6
413,0.96,17,1,0.8,16,"(1, 3)",0.9,6
414,0.96,17,1,0.5,17,"(1, 1)",0.9,12
415,0.96,17,1,0.6,17,"(1, 2)",0.9,6
416,0.96,17,1,0.6,17,"(1, 3)",0.9,6
417,0.96,17,1,0.6,17,"(1, 4)",0.9,6
418,0.96,17,1,0.7,17,"(1, 2)",0.9,6
419,0.96,17,1,0.7,17,"(1, 3)",0.9,6
420,0.96,17,1,0.7,17,"(1, 4)",0.9,6
421,0.96,17,1,0.8,17,"(1, 2)",0.9,6
422,0.96,17,1,0.8,17,"(1, 3)",0.9,6
423,0.96,17,1,0.8,17,"(1, 4)",0.9,6
424,0.96,17,1,0.5,18,"(1, 3)",0.7,12
425,0.96,17,1,0.5,18,"(1, 4)",0.9,12
426,0.96,17,1,0.6,18,"(1, 1)",0.7,6
427,0.96,17,1,0.6,18,"(1, 1)",0.9,12
428,0.96,17,1,0.7,18,"(1, 1)",0.7,6
429,0.96,17,1,0.7,18,"(1, 1)",0.9,12
430,0.96,17,1,0.8,18,"(1, 1)",0.7,6
431,0.96,17,1,0.8,18,"(1, 1)",0.9,12
432,0.96,17,1,60.0,18,"(1, 2)",0.9,12
433,0.96,17,1,80.0,18,"(1, 2)",0.7,6
434,0.96,17,1,0.5,19,"(1, 3)",0.7,12
435,0.96,17,1,0.5,19,"(1, 2)",0.9,12
436,0.96,17,1,70.0,19,"(1, 2)",0.9,6
437,0.96,17,1,0.6,20,"(1, 4)",0.7,12
438,0.96,17,1,0.7,20,"(1, 4)",0.7,12
439,0.96,17,1,0.8,20,"(1, 4)",0.7,12
440,0.96,17,1,60.0,20,"(1, 2)",0.7,12
441,0.96,17,1,70.0,20,"(1, 1)",0.7,6
442,0.96,17,1,70.0,20,"(1, 1)",0.7,12
443,0.96,17,1,60.0,21,"(1, 2)",0.7,6
444,0.96,17,1,70.0,21,"(1, 4)",0.7,12
445,0.96,17,1,80.0,21,"(1, 4)",0.9,6
446,0.9583333333333334,17,1,0.5,4,"(1, 1)",0.7,12
447,0.9583333333333334,17,1,0.6,5,"(1, 3)",0.7,6
448,0.9583333333333334,17,1,0.7,5,"(1, 3)",0.7,6
449,0.9583333333333334,17,1,0.8,5,"(1, 3)",0.7,6
450,0.9583333333333334,17,1,60.0,5,"(1, 4)",0.9,6
451,0.9583333333333334,17,1,0.6,6,"(1, 4)",0.9,12
452,0.9583333333333334,17,1,0.7,6,"(1, 4)",0.9,12
453,0.9583333333333334,17,1,0.8,6,"(1, 4)",0.9,12
454,0.9583333333333334,17,1,70.0,6,"(1, 2)",0.9,6
455,0.9583333333333334,17,1,70.0,6,"(1, 3)",0.9,6
456,0.9583333333333334,17,1,0.6,7,"(1, 1)",0.9,6
457,0.9583333333333334,17,1,0.7,7,"(1, 1)",0.9,6
458,0.9583333333333334,17,1,0.8,7,"(1, 1)",0.9,6
459,0.9583333333333334,17,1,60.0,7,"(1, 1)",0.7,6
460,0.9583333333333334,17,1,0.5,8,"(1, 3)",0.7,6
461,0.9583333333333334,17,1,0.5,9,"(1, 2)",0.7,12
462,0.9583333333333334,17,1,70.0,9,"(1, 3)",0.7,6
463,0.9583333333333334,17,1,80.0,9,"(1, 1)",0.7,12
464,0.9583333333333334,17,1,0.5,10,"(1, 4)",0.9,6
465,0.9583333333333334,17,1,70.0,10,"(1, 4)",0.7,6
466,0.9583333333333334,17,1,0.5,11,"(1, 2)",0.7,6
467,0.9583333333333334,17,1,0.5,11,"(1, 3)",0.9,6
468,0.9583333333333334,17,1,0.5,12,"(1, 3)",0.7,6
469,0.9583333333333334,17,1,0.5,12,"(1, 4)",0.7,6
470,0.9583333333333334,17,1,0.5,12,"(1, 1)",0.7,12
471,0.9583333333333334,17,1,0.5,12,"(1, 2)",0.7,12
472,0.9583333333333334,17,1,0.6,12,"(1, 1)",0.7,6
473,0.9583333333333334,17,1,0.7,12,"(1, 1)",0.7,6
474,0.9583333333333334,17,1,0.8,12,"(1, 1)",0.7,6
475,0.9583333333333334,17,1,0.5,13,"(1, 3)",0.9,6
476,0.9583333333333334,17,1,0.6,13,"(1, 3)",0.9,12
477,0.9583333333333334,17,1,0.7,13,"(1, 3)",0.9,12
478,0.9583333333333334,17,1,0.8,13,"(1, 3)",0.9,12
479,0.9583333333333334,17,1,80.0,13,"(1, 2)",0.7,6
480,0.9583333333333334,17,1,80.0,13,"(1, 3)",0.9,6
481,0.9583333333333334,17,1,0.5,14,"(1, 3)",0.7,6
482,0.9583333333333334,17,1,0.6,14,"(1, 3)",0.9,6
483,0.9583333333333334,17,1,0.6,14,"(1, 3)",0.9,12
484,0.9583333333333334,17,1,0.7,14,"(1, 3)",0.9,6
485,0.9583333333333334,17,1,0.7,14,"(1, 3)",0.9,12
486,0.9583333333333334,17,1,0.8,14,"(1, 3)",0.9,6
487,0.9583333333333334,17,1,0.8,14,"(1, 3)",0.9,12
488,0.9583333333333334,17,1,60.0,14,"(1, 1)",0.7,12
489,0.9583333333333334,17,1,60.0,14,"(1, 4)",0.7,12
490,0.9583333333333334,17,1,80.0,14,"(1, 4)",0.7,6
491,0.9583333333333334,17,1,80.0,15,"(1, 2)",0.9,12
492,0.9583333333333334,17,1,80.0,15,"(1, 3)",0.9,12
493,0.9583333333333334,17,1,0.5,16,"(1, 1)",0.9,12
494,0.9583333333333334,17,1,60.0,16,"(1, 1)",0.9,6
495,0.9583333333333334,17,1,60.0,16,"(1, 3)",0.7,12
496,0.9583333333333334,17,1,0.6,17,"(1, 3)",0.7,6
497,0.9583333333333334,17,1,0.7,17,"(1, 3)",0.7,6
498,0.9583333333333334,17,1,0.8,17,"(1, 3)",0.7,6
499,0.9583333333333334,17,1,60.0,17,"(1, 1)",0.9,6
500,0.9583333333333334,17,1,60.0,17,"(1, 3)",0.7,12
501,0.9583333333333334,17,1,0.6,18,"(1, 1)",0.9,6
502,0.9583333333333334,17,1,0.6,18,"(1, 2)",0.9,6
503,0.9583333333333334,17,1,0.6,18,"(1, 4)",0.9,6
504,0.9583333333333334,17,1,0.6,18,"(1, 3)",0.9,12
505,0.9583333333333334,17,1,0.7,18,"(1, 1)",0.9,6
506,0.9583333333333334,17,1,0.7,18,"(1, 2)",0.9,6
507,0.9583333333333334,17,1,0.7,18,"(1, 4)",0.9,6
508,0.9583333333333334,17,1,0.7,18,"(1, 3)",0.9,12
509,0.9583333333333334,17,1,0.8,18,"(1, 1)",0.9,6
510,0.9583333333333334,17,1,0.8,18,"(1, 2)",0.9,6
511,0.9583333333333334,17,1,0.8,18,"(1, 4)",0.9,6
512,0.9583333333333334,17,1,0.8,18,"(1, 3)",0.9,12
513,0.9583333333333334,17,1,60.0,18,"(1, 4)",0.7,12
514,0.9583333333333334,17,1,70.0,18,"(1, 2)",0.7,6
515,0.9583333333333334,17,1,70.0,18,"(1, 2)",0.9,6
516,0.9583333333333334,17,1,80.0,18,"(1, 3)",0.9,12
517,0.9583333333333334,17,1,0.5,19,"(1, 2)",0.7,6
518,0.9583333333333334,17,1,70.0,19,"(1, 4)",0.7,6
519,0.9583333333333334,17,1,70.0,20,"(1, 4)",0.9,6
520,0.9583333333333334,17,1,80.0,20,"(1, 3)",0.7,12
521,0.9583333333333334,17,1,0.5,21,"(1, 1)",0.9,6
522,0.9583333333333334,17,1,0.5,21,"(1, 3)",0.7,12
523,0.9583333333333334,17,1,0.6,21,"(1, 1)",0.9,12
524,0.9583333333333334,17,1,0.7,21,"(1, 1)",0.9,12
525,0.9583333333333334,17,1,0.8,21,"(1, 1)",0.9,12
526,0.9583333333333334,17,1,70.0,21,"(1, 3)",0.7,12
527,0.9583333333333334,17,1,70.0,21,"(1, 2)",0.9,12
528,0.9566666666666667,17,1,0.6,5,"(1, 1)",0.9,6
529,0.9566666666666667,17,1,0.7,5,"(1, 1)",0.9,6
530,0.9566666666666667,17,1,0.8,5,"(1, 1)",0.9,6
531,0.9566666666666667,17,1,70.0,5,"(1, 4)",0.9,6
532,0.9566666666666667,17,1,0.6,6,"(1, 3)",0.7,6
533,0.9566666666666667,17,1,0.7,6,"(1, 3)",0.7,6
534,0.9566666666666667,17,1,0.8,6,"(1, 3)",0.7,6
535,0.9566666666666667,17,1,70.0,6,"(1, 1)",0.7,6
536,0.9566666666666667,17,1,70.0,6,"(1, 1)",0.9,6
537,0.9566666666666667,17,1,0.5,7,"(1, 2)",0.9,6
538,0.9566666666666667,17,1,70.0,7,"(1, 2)",0.7,6
539,0.9566666666666667,17,1,80.0,7,"(1, 2)",0.7,6
540,0.9566666666666667,17,1,0.5,8,"(1, 2)",0.7,12
541,0.9566666666666667,17,1,0.6,8,"(1, 2)",0.9,12
542,0.9566666666666667,17,1,0.7,8,"(1, 2)",0.9,12
543,0.9566666666666667,17,1,0.8,8,"(1, 2)",0.9,12
544,0.9566666666666667,17,1,60.0,9,"(1, 3)",0.9,6
545,0.9566666666666667,17,1,80.0,9,"(1, 4)",0.7,6
546,0.9566666666666667,17,1,80.0,9,"(1, 3)",0.9,6
547,0.9566666666666667,17,1,0.6,10,"(1, 1)",0.9,6
548,0.9566666666666667,17,1,0.6,10,"(1, 2)",0.9,12
549,0.9566666666666667,17,1,0.6,10,"(1, 3)",0.9,12
550,0.9566666666666667,17,1,0.7,10,"(1, 1)",0.9,6
551,0.9566666666666667,17,1,0.7,10,"(1, 2)",0.9,12
552,0.9566666666666667,17,1,0.7,10,"(1, 3)",0.9,12
553,0.9566666666666667,17,1,0.8,10,"(1, 1)",0.9,6
554,0.9566666666666667,17,1,0.8,10,"(1, 2)",0.9,12
555,0.9566666666666667,17,1,0.8,10,"(1, 3)",0.9,12
556,0.9566666666666667,17,1,70.0,10,"(1, 4)",0.9,6
557,0.9566666666666667,17,1,70.0,10,"(1, 1)",0.7,12
558,0.9566666666666667,17,1,70.0,11,"(1, 2)",0.7,12
559,0.9566666666666667,17,1,70.0,11,"(1, 3)",0.9,12
560,0.9566666666666667,17,1,0.5,12,"(1, 1)",0.7,6
561,0.9566666666666667,17,1,0.5,12,"(1, 1)",0.9,12
562,0.9566666666666667,17,1,0.5,12,"(1, 3)",0.9,12
563,0.9566666666666667,17,1,0.6,12,"(1, 4)",0.7,6
564,0.9566666666666667,17,1,0.7,12,"(1, 4)",0.7,6
565,0.9566666666666667,17,1,0.8,12,"(1, 4)",0.7,6
566,0.9566666666666667,17,1,70.0,12,"(1, 4)",0.9,6
567,0.9566666666666667,17,1,0.5,13,"(1, 4)",0.7,12
568,0.9566666666666667,17,1,0.6,13,"(1, 4)",0.9,6
569,0.9566666666666667,17,1,0.7,13,"(1, 4)",0.9,6
570,0.9566666666666667,17,1,0.8,13,"(1, 4)",0.9,6
571,0.9566666666666667,17,1,60.0,13,"(1, 1)",0.7,12
572,0.9566666666666667,17,1,70.0,13,"(1, 2)",0.9,6
573,0.9566666666666667,17,1,80.0,13,"(1, 3)",0.7,12
574,0.9566666666666667,17,1,80.0,13,"(1, 2)",0.9,12
575,0.9566666666666667,17,1,0.5,14,"(1, 3)",0.9,6
576,0.9566666666666667,17,1,70.0,14,"(1, 2)",0.7,12
577,0.9566666666666667,17,1,0.5,15,"(1, 1)",0.7,12
578,0.9566666666666667,17,1,0.6,15,"(1, 4)",0.7,6
579,0.9566666666666667,17,1,0.7,15,"(1, 4)",0.7,6
580,0.9566666666666667,17,1,0.8,15,"(1, 4)",0.7,6
581,0.9566666666666667,17,1,0.6,16,"(1, 3)",0.9,12
582,0.9566666666666667,17,1,0.7,16,"(1, 3)",0.9,12
583,0.9566666666666667,17,1,0.8,16,"(1, 3)",0.9,12
584,0.9566666666666667,17,1,60.0,16,"(1, 3)",0.9,6
585,0.9566666666666667,17,1,60.0,16,"(1, 1)",0.9,12
586,0.9566666666666667,17,1,70.0,16,"(1, 2)",0.9,6
587,0.9566666666666667,17,1,0.5,17,"(1, 3)",0.9,12
588,0.9566666666666667,17,1,70.0,17,"(1, 3)",0.7,6
589,0.9566666666666667,17,1,70.0,17,"(1, 4)",0.9,6
590,0.9566666666666667,17,1,80.0,17,"(1, 4)",0.7,6
591,0.9566666666666667,17,1,80.0,17,"(1, 1)",0.9,12
592,0.9566666666666667,17,1,0.5,18,"(1, 3)",0.9,12
593,0.9566666666666667,17,1,80.0,18,"(1, 3)",0.7,12
594,0.9566666666666667,17,1,80.0,18,"(1, 2)",0.9,12
595,0.9566666666666667,17,1,60.0,19,"(1, 3)",0.9,12
596,0.9566666666666667,17,1,0.5,20,"(1, 4)",0.9,6
597,0.9566666666666667,17,1,0.6,20,"(1, 3)",0.7,6
598,0.9566666666666667,17,1,0.6,20,"(1, 1)",0.9,12
599,0.9566666666666667,17,1,0.7,20,"(1, 3)",0.7,6
600,0.9566666666666667,17,1,0.7,20,"(1, 1)",0.9,12
601,0.9566666666666667,17,1,0.8,20,"(1, 3)",0.7,6
602,0.9566666666666667,17,1,0.8,20,"(1, 1)",0.9,12
603,0.9566666666666667,17,1,60.0,20,"(1, 1)",0.7,6
604,0.9566666666666667,17,1,70.0,20,"(1, 2)",0.7,6
605,0.9566666666666667,17,1,0.5,21,"(1, 1)",0.9,12
606,0.9566666666666667,17,1,0.6,21,"(1, 2)",0.9,6
607,0.9566666666666667,17,1,0.7,21,"(1, 2)",0.9,6
608,0.9566666666666667,17,1,0.8,21,"(1, 2)",0.9,6
609,0.9566666666666667,17,1,60.0,21,"(1, 3)",0.9,12
610,0.9566666666666667,17,1,70.0,21,"(1, 4)",0.7,6
611,0.9566666666666667,17,1,80.0,21,"(1, 1)",0.7,6
612,0.955,17,1,0.6,3,"(1, 1)",0.7,6
613,0.955,17,1,0.7,3,"(1, 1)",0.7,6
614,0.955,17,1,0.8,3,"(1, 1)",0.7,6
615,0.955,17,1,0.5,4,"(1, 1)",0.9,6
616,0.955,17,1,0.5,5,"(1, 2)",0.9,6
617,0.955,17,1,0.6,6,"(1, 1)",0.9,12
618,0.955,17,1,0.7,6,"(1, 1)",0.9,12
619,0.955,17,1,0.8,6,"(1, 1)",0.9,12
620,0.955,17,1,60.0,6,"(1, 1)",0.7,6
621,0.955,17,1,70.0,6,"(1, 4)",0.9,6
622,0.955,17,1,0.5,7,"(1, 1)",0.9,12
623,0.955,17,1,0.6,7,"(1, 1)",0.9,12
624,0.955,17,1,0.7,7,"(1, 1)",0.9,12
625,0.955,17,1,0.8,7,"(1, 1)",0.9,12
626,0.955,17,1,0.6,8,"(1, 3)",0.9,12
627,0.955,17,1,0.7,8,"(1, 3)",0.9,12
628,0.955,17,1,0.8,8,"(1, 3)",0.9,12
629,0.955,17,1,60.0,8,"(1, 1)",0.9,6
630,0.955,17,1,80.0,8,"(1, 1)",0.9,12
631,0.955,17,1,0.5,9,"(1, 4)",0.9,12
632,0.955,17,1,0.5,10,"(1, 1)",0.7,12
633,0.955,17,1,0.5,10,"(1, 3)",0.9,12
634,0.955,17,1,60.0,10,"(1, 4)",0.9,6
635,0.955,17,1,60.0,10,"(1, 2)",0.7,12
636,0.955,17,1,0.6,11,"(1, 3)",0.9,6
637,0.955,17,1,0.7,11,"(1, 3)",0.9,6
638,0.955,17,1,0.8,11,"(1, 3)",0.9,6
639,0.955,17,1,60.0,11,"(1, 3)",0.7,6
640,0.955,17,1,60.0,11,"(1, 3)",0.9,6
641,0.955,17,1,70.0,11,"(1, 2)",0.9,12
642,0.955,17,1,0.5,12,"(1, 2)",0.9,6
643,0.955,17,1,0.5,12,"(1, 2)",0.9,12
644,0.955,17,1,0.6,12,"(1, 2)",0.7,6
645,0.955,17,1,0.6,12,"(1, 3)",0.7,12
646,0.955,17,1,0.6,12,"(1, 4)",0.7,12
647,0.955,17,1,0.7,12,"(1, 2)",0.7,6
648,0.955,17,1,0.7,12,"(1, 3)",0.7,12
649,0.955,17,1,0.7,12,"(1, 4)",0.7,12
650,0.955,17,1,0.8,12,"(1, 2)",0.7,6
651,0.955,17,1,0.8,12,"(1, 3)",0.7,12
652,0.955,17,1,0.8,12,"(1, 4)",0.7,12
653,0.955,17,1,80.0,12,"(1, 4)",0.9,6
654,0.955,17,1,80.0,12,"(1, 3)",0.9,12
655,0.955,17,1,0.5,13,"(1, 2)",0.9,12
656,0.955,17,1,0.6,13,"(1, 2)",0.9,12
657,0.955,17,1,0.7,13,"(1, 2)",0.9,12
658,0.955,17,1,0.8,13,"(1, 2)",0.9,12
659,0.955,17,1,80.0,13,"(1, 3)",0.9,12
660,0.955,17,1,0.5,14,"(1, 4)",0.9,6
661,0.955,17,1,70.0,14,"(1, 3)",0.7,6
662,0.955,17,1,70.0,14,"(1, 4)",0.9,12
663,0.955,17,1,0.6,15,"(1, 2)",0.9,6
664,0.955,17,1,0.7,15,"(1, 2)",0.9,6
665,0.955,17,1,0.8,15,"(1, 2)",0.9,6
666,0.955,17,1,0.6,16,"(1, 1)",0.7,6
667,0.955,17,1,0.7,16,"(1, 1)",0.7,6
668,0.955,17,1,0.8,16,"(1, 1)",0.7,6
669,0.955,17,1,60.0,16,"(1, 3)",0.7,6
670,0.955,17,1,60.0,16,"(1, 4)",0.9,12
671,0.955,17,1,70.0,16,"(1, 2)",0.7,6
672,0.955,17,1,80.0,16,"(1, 2)",0.7,6
673,0.955,17,1,80.0,16,"(1, 2)",0.7,12
674,0.955,17,1,80.0,16,"(1, 4)",0.9,12
675,0.955,17,1,0.5,17,"(1, 4)",0.9,12
676,0.955,17,1,0.6,17,"(1, 4)",0.9,12
677,0.955,17,1,0.7,17,"(1, 4)",0.9,12
678,0.955,17,1,0.8,17,"(1, 4)",0.9,12
679,0.955,17,1,60.0,17,"(1, 1)",0.7,12
680,0.955,17,1,60.0,17,"(1, 1)",0.9,12
681,0.955,17,1,0.5,18,"(1, 4)",0.7,12
682,0.955,17,1,0.6,18,"(1, 3)",0.7,6
683,0.955,17,1,0.7,18,"(1, 3)",0.7,6
684,0.955,17,1,0.8,18,"(1, 3)",0.7,6
685,0.955,17,1,70.0,18,"(1, 4)",0.7,6
686,0.955,17,1,0.5,19,"(1, 4)",0.9,6
687,0.955,17,1,0.5,19,"(1, 4)",0.7,12
688,0.955,17,1,0.6,19,"(1, 4)",0.7,12
689,0.955,17,1,0.7,19,"(1, 4)",0.7,12
690,0.955,17,1,0.8,19,"(1, 4)",0.7,12
691,0.955,17,1,0.5,20,"(1, 4)",0.7,6
692,0.955,17,1,70.0,20,"(1, 4)",0.9,12
693,0.955,17,1,80.0,20,"(1, 4)",0.7,6
694,0.955,17,1,60.0,21,"(1, 4)",0.7,12
695,0.955,17,1,70.0,21,"(1, 3)",0.7,6
696,0.955,17,1,80.0,21,"(1, 1)",0.9,12
697,0.9533333333333334,17,1,60.0,3,"(1, 1)",0.7,6
698,0.9533333333333334,17,1,0.5,4,"(1, 1)",0.7,6
699,0.9533333333333334,17,1,0.6,5,"(1, 1)",0.7,6
700,0.9533333333333334,17,1,0.7,5,"(1, 1)",0.7,6
701,0.9533333333333334,17,1,0.8,5,"(1, 1)",0.7,6
702,0.9533333333333334,17,1,70.0,5,"(1, 3)",0.9,6
703,0.9533333333333334,17,1,80.0,5,"(1, 1)",0.9,12
704,0.9533333333333334,17,1,0.5,6,"(1, 3)",0.7,6
705,0.9533333333333334,17,1,80.0,6,"(1, 1)",0.7,12
706,0.9533333333333334,17,1,0.5,7,"(1, 2)",0.7,6
707,0.9533333333333334,17,1,0.6,7,"(1, 4)",0.7,12
708,0.9533333333333334,17,1,0.7,7,"(1, 4)",0.7,12
709,0.9533333333333334,17,1,0.8,7,"(1, 4)",0.7,12
710,0.9533333333333334,17,1,70.0,7,"(1, 2)",0.9,12
711,0.9533333333333334,17,1,80.0,7,"(1, 4)",0.9,6
712,0.9533333333333334,17,1,80.0,7,"(1, 4)",0.7,12
713,0.9533333333333334,17,1,0.5,8,"(1, 1)",0.7,12
714,0.9533333333333334,17,1,0.5,8,"(1, 2)",0.9,12
715,0.9533333333333334,17,1,0.6,8,"(1, 2)",0.7,6
716,0.9533333333333334,17,1,0.7,8,"(1, 2)",0.7,6
717,0.9533333333333334,17,1,0.8,8,"(1, 2)",0.7,6
718,0.9533333333333334,17,1,80.0,8,"(1, 2)",0.7,6
719,0.9533333333333334,17,1,0.6,9,"(1, 4)",0.7,6
720,0.9533333333333334,17,1,0.6,9,"(1, 3)",0.9,6
721,0.9533333333333334,17,1,0.7,9,"(1, 4)",0.7,6
722,0.9533333333333334,17,1,0.7,9,"(1, 3)",0.9,6
723,0.9533333333333334,17,1,0.8,9,"(1, 4)",0.7,6
724,0.9533333333333334,17,1,0.8,9,"(1, 3)",0.9,6
725,0.9533333333333334,17,1,60.0,9,"(1, 1)",0.7,6
726,0.9533333333333334,17,1,80.0,9,"(1, 2)",0.7,6
727,0.9533333333333334,17,1,80.0,9,"(1, 3)",0.7,6
728,0.9533333333333334,17,1,0.5,10,"(1, 1)",0.9,6
729,0.9533333333333334,17,1,0.6,10,"(1, 3)",0.9,6
730,0.9533333333333334,17,1,0.6,10,"(1, 1)",0.9,12
731,0.9533333333333334,17,1,0.7,10,"(1, 3)",0.9,6
732,0.9533333333333334,17,1,0.7,10,"(1, 1)",0.9,12
733,0.9533333333333334,17,1,0.8,10,"(1, 3)",0.9,6
734,0.9533333333333334,17,1,0.8,10,"(1, 1)",0.9,12
735,0.9533333333333334,17,1,80.0,10,"(1, 4)",0.7,6
736,0.9533333333333334,17,1,0.6,11,"(1, 2)",0.7,6
737,0.9533333333333334,17,1,0.6,11,"(1, 4)",0.7,6
738,0.9533333333333334,17,1,0.7,11,"(1, 2)",0.7,6
739,0.9533333333333334,17,1,0.7,11,"(1, 4)",0.7,6
740,0.9533333333333334,17,1,0.8,11,"(1, 2)",0.7,6
741,0.9533333333333334,17,1,0.8,11,"(1, 4)",0.7,6
742,0.9533333333333334,17,1,0.6,12,"(1, 3)",0.7,6
743,0.9533333333333334,17,1,0.6,12,"(1, 3)",0.9,6
744,0.9533333333333334,17,1,0.7,12,"(1, 3)",0.7,6
745,0.9533333333333334,17,1,0.7,12,"(1, 3)",0.9,6
746,0.9533333333333334,17,1,0.8,12,"(1, 3)",0.7,6
747,0.9533333333333334,17,1,0.8,12,"(1, 3)",0.9,6
748,0.9533333333333334,17,1,70.0,12,"(1, 4)",0.9,12
749,0.9533333333333334,17,1,80.0,12,"(1, 3)",0.7,6
750,0.9533333333333334,17,1,0.5,13,"(1, 4)",0.7,6
751,0.9533333333333334,17,1,0.5,13,"(1, 4)",0.9,12
752,0.9533333333333334,17,1,0.6,13,"(1, 2)",0.9,6
753,0.9533333333333334,17,1,0.6,13,"(1, 3)",0.9,6
754,0.9533333333333334,17,1,0.7,13,"(1, 2)",0.9,6
755,0.9533333333333334,17,1,0.7,13,"(1, 3)",0.9,6
756,0.9533333333333334,17,1,0.8,13,"(1, 2)",0.9,6
757,0.9533333333333334,17,1,0.8,13,"(1, 3)",0.9,6
758,0.9533333333333334,17,1,60.0,13,"(1, 1)",0.7,6
759,0.9533333333333334,17,1,60.0,13,"(1, 1)",0.9,6
760,0.9533333333333334,17,1,60.0,13,"(1, 2)",0.7,12
761,0.9533333333333334,17,1,70.0,13,"(1, 4)",0.9,6
762,0.9533333333333334,17,1,0.5,14,"(1, 2)",0.7,6
763,0.9533333333333334,17,1,0.5,14,"(1, 1)",0.7,12
764,0.9533333333333334,17,1,0.6,14,"(1, 1)",0.7,12
765,0.9533333333333334,17,1,0.6,14,"(1, 4)",0.9,12
766,0.9533333333333334,17,1,0.7,14,"(1, 1)",0.7,12
767,0.9533333333333334,17,1,0.7,14,"(1, 4)",0.9,12
768,0.9533333333333334,17,1,0.8,14,"(1, 1)",0.7,12
769,0.9533333333333334,17,1,0.8,14,"(1, 4)",0.9,12
770,0.9533333333333334,17,1,60.0,14,"(1, 3)",0.7,12
771,0.9533333333333334,17,1,80.0,14,"(1, 2)",0.7,12
772,0.9533333333333334,17,1,80.0,14,"(1, 4)",0.7,12
773,0.9533333333333334,17,1,0.5,15,"(1, 2)",0.9,6
774,0.9533333333333334,17,1,0.6,15,"(1, 3)",0.7,6
775,0.9533333333333334,17,1,0.6,15,"(1, 4)",0.9,6
776,0.9533333333333334,17,1,0.6,15,"(1, 2)",0.9,12
777,0.9533333333333334,17,1,0.7,15,"(1, 3)",0.7,6
778,0.9533333333333334,17,1,0.7,15,"(1, 4)",0.9,6
779,0.9533333333333334,17,1,0.7,15,"(1, 2)",0.9,12
780,0.9533333333333334,17,1,0.8,15,"(1, 3)",0.7,6
781,0.9533333333333334,17,1,0.8,15,"(1, 4)",0.9,6
782,0.9533333333333334,17,1,0.8,15,"(1, 2)",0.9,12
783,0.9533333333333334,17,1,70.0,15,"(1, 3)",0.7,6
784,0.9533333333333334,17,1,60.0,16,"(1, 1)",0.7,12
785,0.9533333333333334,17,1,80.0,16,"(1, 3)",0.7,6
786,0.9533333333333334,17,1,0.5,17,"(1, 4)",0.9,6
787,0.9533333333333334,17,1,0.5,17,"(1, 2)",0.9,12
788,0.9533333333333334,17,1,80.0,17,"(1, 4)",0.9,6
789,0.9533333333333334,17,1,80.0,17,"(1, 4)",0.9,12
790,0.9533333333333334,17,1,0.5,18,"(1, 4)",0.7,6
791,0.9533333333333334,17,1,60.0,18,"(1, 2)",0.7,12
792,0.9533333333333334,17,1,80.0,18,"(1, 1)",0.9,6
793,0.9533333333333334,17,1,80.0,18,"(1, 1)",0.7,12
794,0.9533333333333334,17,1,0.6,19,"(1, 1)",0.7,6
795,0.9533333333333334,17,1,0.7,19,"(1, 1)",0.7,6
796,0.9533333333333334,17,1,0.8,19,"(1, 1)",0.7,6
797,0.9533333333333334,17,1,80.0,19,"(1, 4)",0.7,6
798,0.9533333333333334,17,1,0.5,20,"(1, 1)",0.9,6
799,0.9533333333333334,17,1,0.5,20,"(1, 3)",0.7,12
800,0.9533333333333334,17,1,60.0,20,"(1, 4)",0.7,6
801,0.9533333333333334,17,1,70.0,20,"(1, 3)",0.7,12
802,0.9533333333333334,17,1,80.0,20,"(1, 2)",0.7,12
803,0.9533333333333334,17,1,0.6,21,"(1, 2)",0.7,12
804,0.9533333333333334,17,1,0.7,21,"(1, 2)",0.7,12
805,0.9533333333333334,17,1,0.8,21,"(1, 2)",0.7,12
806,0.9533333333333334,17,1,60.0,21,"(1, 4)",0.9,6
807,0.9533333333333334,17,1,80.0,21,"(1, 3)",0.7,6
808,0.9533333333333334,17,1,80.0,21,"(1, 2)",0.9,12
809,0.9533333333333334,17,1,80.0,21,"(1, 4)",0.9,12
810,0.9516666666666667,17,1,60.0,5,"(1, 2)",0.7,6
811,0.9516666666666667,17,1,60.0,5,"(1, 2)",0.7,12
812,0.9516666666666667,17,1,0.6,6,"(1, 1)",0.7,6
813,0.9516666666666667,17,1,0.7,6,"(1, 1)",0.7,6
814,0.9516666666666667,17,1,0.8,6,"(1, 1)",0.7,6
815,0.9516666666666667,17,1,60.0,6,"(1, 3)",0.7,6
816,0.9516666666666667,17,1,70.0,6,"(1, 1)",0.7,12
817,0.9516666666666667,17,1,0.5,7,"(1, 1)",0.7,6
818,0.9516666666666667,17,1,0.6,7,"(1, 3)",0.7,6
819,0.9516666666666667,17,1,0.7,7,"(1, 3)",0.7,6
820,0.9516666666666667,17,1,0.8,7,"(1, 3)",0.7,6
821,0.9516666666666667,17,1,70.0,7,"(1, 3)",0.7,12
822,0.9516666666666667,17,1,80.0,7,"(1, 1)",0.7,6
823,0.9516666666666667,17,1,60.0,8,"(1, 2)",0.9,6
824,0.9516666666666667,17,1,70.0,8,"(1, 4)",0.7,12
825,0.9516666666666667,17,1,70.0,8,"(1, 2)",0.9,12
826,0.9516666666666667,17,1,80.0,8,"(1, 3)",0.9,6
827,0.9516666666666667,17,1,0.5,9,"(1, 4)",0.9,6
828,0.9516666666666667,17,1,0.6,10,"(1, 3)",0.7,6
829,0.9516666666666667,17,1,0.7,10,"(1, 3)",0.7,6
830,0.9516666666666667,17,1,0.8,10,"(1, 3)",0.7,6
831,0.9516666666666667,17,1,60.0,10,"(1, 4)",0.7,6
832,0.9516666666666667,17,1,60.0,10,"(1, 4)",0.7,12
833,0.9516666666666667,17,1,80.0,10,"(1, 4)",0.9,12
834,0.9516666666666667,17,1,60.0,11,"(1, 2)",0.9,6
835,0.9516666666666667,17,1,0.6,12,"(1, 2)",0.9,6
836,0.9516666666666667,17,1,0.7,12,"(1, 2)",0.9,6
837,0.9516666666666667,17,1,0.8,12,"(1, 2)",0.9,6
838,0.9516666666666667,17,1,60.0,12,"(1, 4)",0.7,6
839,0.9516666666666667,17,1,0.5,13,"(1, 1)",0.7,6
840,0.9516666666666667,17,1,60.0,13,"(1, 4)",0.7,12
841,0.9516666666666667,17,1,80.0,13,"(1, 4)",0.7,6
842,0.9516666666666667,17,1,0.6,14,"(1, 3)",0.7,6
843,0.9516666666666667,17,1,0.7,14,"(1, 3)",0.7,6
844,0.9516666666666667,17,1,0.8,14,"(1, 3)",0.7,6
845,0.9516666666666667,17,1,0.5,15,"(1, 1)",0.7,6
846,0.9516666666666667,17,1,0.5,15,"(1, 2)",0.9,12
847,0.9516666666666667,17,1,0.6,15,"(1, 4)",0.7,12
848,0.9516666666666667,17,1,0.6,15,"(1, 4)",0.9,12
849,0.9516666666666667,17,1,0.7,15,"(1, 4)",0.7,12
850,0.9516666666666667,17,1,0.7,15,"(1, 4)",0.9,12
851,0.9516666666666667,17,1,0.8,15,"(1, 4)",0.7,12
852,0.9516666666666667,17,1,0.8,15,"(1, 4)",0.9,12
853,0.9516666666666667,17,1,80.0,15,"(1, 2)",0.7,6
854,0.9516666666666667,17,1,80.0,15,"(1, 1)",0.7,12
855,0.9516666666666667,17,1,0.5,16,"(1, 4)",0.7,6
856,0.9516666666666667,17,1,0.5,16,"(1, 1)",0.9,6
857,0.9516666666666667,17,1,0.5,16,"(1, 1)",0.7,12
858,0.9516666666666667,17,1,0.6,16,"(1, 1)",0.9,12
859,0.9516666666666667,17,1,0.7,16,"(1, 1)",0.9,12
860,0.9516666666666667,17,1,0.8,16,"(1, 1)",0.9,12
861,0.9516666666666667,17,1,80.0,16,"(1, 2)",0.9,12
862,0.9516666666666667,17,1,80.0,17,"(1, 1)",0.7,6
863,0.9516666666666667,17,1,0.5,18,"(1, 1)",0.9,6
864,0.9516666666666667,17,1,0.6,18,"(1, 3)",0.9,6
865,0.9516666666666667,17,1,0.7,18,"(1, 3)",0.9,6
866,0.9516666666666667,17,1,0.8,18,"(1, 3)",0.9,6
867,0.9516666666666667,17,1,60.0,18,"(1, 4)",0.7,6
868,0.9516666666666667,17,1,80.0,18,"(1, 2)",0.9,6
869,0.9516666666666667,17,1,60.0,19,"(1, 3)",0.7,12
870,0.9516666666666667,17,1,70.0,19,"(1, 1)",0.9,6
871,0.9516666666666667,17,1,0.5,20,"(1, 2)",0.7,12
872,0.9516666666666667,17,1,0.6,20,"(1, 1)",0.7,12
873,0.9516666666666667,17,1,0.7,20,"(1, 1)",0.7,12
874,0.9516666666666667,17,1,0.8,20,"(1, 1)",0.7,12
875,0.9516666666666667,17,1,70.0,20,"(1, 2)",0.9,6
876,0.9516666666666667,17,1,70.0,20,"(1, 2)",0.7,12
877,0.9516666666666667,17,1,0.5,21,"(1, 2)",0.7,6
878,0.9516666666666667,17,1,0.5,21,"(1, 3)",0.9,6
879,0.9516666666666667,17,1,70.0,21,"(1, 2)",0.7,6
880,0.9516666666666667,17,1,80.0,21,"(1, 2)",0.9,6
881,0.9516666666666667,17,1,80.0,21,"(1, 1)",0.7,12
882,0.9516666666666667,17,1,80.0,21,"(1, 4)",0.7,12
883,0.95,17,1,70.0,4,"(1, 1)",0.7,6
884,0.95,17,1,60.0,5,"(1, 3)",0.7,6
885,0.95,17,1,70.0,5,"(1, 1)",0.7,6
886,0.95,17,1,70.0,5,"(1, 2)",0.7,6
887,0.95,17,1,0.5,6,"(1, 2)",0.7,6
888,0.95,17,1,0.6,6,"(1, 2)",0.7,12
889,0.95,17,1,0.7,6,"(1, 2)",0.7,12
890,0.95,17,1,0.8,6,"(1, 2)",0.7,12
891,0.95,17,1,80.0,6,"(1, 4)",0.7,12
892,0.95,17,1,0.5,7,"(1, 4)",0.7,6
893,0.95,17,1,0.5,7,"(1, 2)",0.9,12
894,0.95,17,1,70.0,7,"(1, 4)",0.7,6
895,0.95,17,1,70.0,7,"(1, 4)",0.9,6
896,0.95,17,1,0.6,8,"(1, 4)",0.7,12
897,0.95,17,1,0.7,8,"(1, 4)",0.7,12
898,0.95,17,1,0.8,8,"(1, 4)",0.7,12
899,0.95,17,1,60.0,8,"(1, 1)",0.7,6
900,0.95,17,1,60.0,8,"(1, 3)",0.7,6
901,0.95,17,1,70.0,8,"(1, 1)",0.7,6
902,0.95,17,1,80.0,8,"(1, 4)",0.7,12
903,0.95,17,1,0.5,9,"(1, 1)",0.9,6
904,0.95,17,1,60.0,9,"(1, 4)",0.7,6
905,0.95,17,1,60.0,9,"(1, 4)",0.9,6
906,0.95,17,1,70.0,9,"(1, 2)",0.9,6
907,0.95,17,1,70.0,9,"(1, 3)",0.7,12
908,0.95,17,1,80.0,9,"(1, 3)",0.7,12
909,0.95,17,1,0.5,10,"(1, 4)",0.7,6
910,0.95,17,1,0.6,10,"(1, 1)",0.7,12
911,0.95,17,1,0.7,10,"(1, 1)",0.7,12
912,0.95,17,1,0.8,10,"(1, 1)",0.7,12
913,0.95,17,1,60.0,10,"(1, 1)",0.7,12
914,0.95,17,1,70.0,10,"(1, 3)",0.9,6
915,0.95,17,1,70.0,10,"(1, 3)",0.9,12
916,0.95,17,1,0.6,11,"(1, 2)",0.7,12
917,0.95,17,1,0.7,11,"(1, 2)",0.7,12
918,0.95,17,1,0.8,11,"(1, 2)",0.7,12
919,0.95,17,1,60.0,11,"(1, 3)",0.7,12
920,0.95,17,1,80.0,11,"(1, 1)",0.7,12
921,0.95,17,1,0.5,12,"(1, 2)",0.7,6
922,0.95,17,1,0.5,12,"(1, 4)",0.9,12
923,0.95,17,1,80.0,12,"(1, 1)",0.7,6
924,0.95,17,1,0.5,13,"(1, 2)",0.7,6
925,0.95,17,1,0.5,14,"(1, 1)",0.9,6
926,0.95,17,1,60.0,14,"(1, 4)",0.9,6
927,0.95,17,1,70.0,14,"(1, 4)",0.7,6
928,0.95,17,1,80.0,14,"(1, 4)",0.9,12
929,0.95,17,1,0.5,15,"(1, 3)",0.9,6
930,0.95,17,1,0.6,15,"(1, 1)",0.7,6
931,0.95,17,1,0.7,15,"(1, 1)",0.7,6
932,0.95,17,1,0.8,15,"(1, 1)",0.7,6
933,0.95,17,1,60.0,15,"(1, 4)",0.7,6
934,0.95,17,1,60.0,15,"(1, 2)",0.9,6
935,0.95,17,1,70.0,15,"(1, 4)",0.7,6
936,0.95,17,1,0.5,16,"(1, 4)",0.9,6
937,0.95,17,1,0.6,16,"(1, 4)",0.7,12
938,0.95,17,1,0.7,16,"(1, 4)",0.7,12
939,0.95,17,1,0.8,16,"(1, 4)",0.7,12
940,0.95,17,1,60.0,16,"(1, 4)",0.9,6
941,0.95,17,1,70.0,16,"(1, 1)",0.7,12
942,0.95,17,1,80.0,16,"(1, 2)",0.9,6
943,0.95,17,1,60.0,17,"(1, 4)",0.7,12
944,0.95,17,1,80.0,17,"(1, 1)",0.7,12
945,0.95,17,1,0.5,18,"(1, 2)",0.7,6
946,0.95,17,1,0.6,18,"(1, 2)",0.7,12
947,0.95,17,1,0.7,18,"(1, 2)",0.7,12
948,0.95,17,1,0.8,18,"(1, 2)",0.7,12
949,0.95,17,1,60.0,18,"(1, 2)",0.7,6
950,0.95,17,1,70.0,18,"(1, 3)",0.7,6
951,0.95,17,1,80.0,18,"(1, 1)",0.7,6
952,0.95,17,1,80.0,18,"(1, 3)",0.9,6
953,0.95,17,1,0.5,19,"(1, 1)",0.9,6
954,0.95,17,1,0.6,19,"(1, 4)",0.9,6
955,0.95,17,1,0.7,19,"(1, 4)",0.9,6
956,0.95,17,1,0.8,19,"(1, 4)",0.9,6
957,0.95,17,1,60.0,19,"(1, 4)",0.7,6
958,0.95,17,1,60.0,19,"(1, 1)",0.9,6
959,0.95,17,1,70.0,19,"(1, 1)",0.7,6
960,0.95,17,1,70.0,19,"(1, 3)",0.7,6
961,0.95,17,1,80.0,19,"(1, 1)",0.9,12
962,0.95,17,1,80.0,19,"(1, 2)",0.9,12
963,0.95,17,1,0.6,20,"(1, 1)",0.9,6
964,0.95,17,1,0.7,20,"(1, 1)",0.9,6
965,0.95,17,1,0.8,20,"(1, 1)",0.9,6
966,0.95,17,1,60.0,20,"(1, 4)",0.9,6
967,0.95,17,1,70.0,20,"(1, 3)",0.7,6
968,0.95,17,1,80.0,20,"(1, 2)",0.7,6
969,0.95,17,1,0.5,21,"(1, 3)",0.7,6
970,0.95,17,1,0.6,21,"(1, 3)",0.9,6
971,0.95,17,1,0.6,21,"(1, 3)",0.9,12
972,0.95,17,1,0.7,21,"(1, 3)",0.9,6
973,0.95,17,1,0.7,21,"(1, 3)",0.9,12
974,0.95,17,1,0.8,21,"(1, 3)",0.9,6
975,0.95,17,1,0.8,21,"(1, 3)",0.9,12
976,0.95,17,1,60.0,21,"(1, 1)",0.7,6
977,0.95,17,1,60.0,21,"(1, 4)",0.7,6
978,0.95,17,1,60.0,21,"(1, 2)",0.7,12
979,0.95,17,1,60.0,21,"(1, 4)",0.9,12
980,0.95,17,1,70.0,21,"(1, 4)",0.9,6
981,0.9483333333333334,17,1,0.6,4,"(1, 1)",0.7,6
982,0.9483333333333334,17,1,0.7,4,"(1, 1)",0.7,6
983,0.9483333333333334,17,1,0.8,4,"(1, 1)",0.7,6
984,0.9483333333333334,17,1,70.0,4,"(1, 1)",0.9,6
985,0.9483333333333334,17,1,0.6,5,"(1, 3)",0.9,6
986,0.9483333333333334,17,1,0.7,5,"(1, 3)",0.9,6
987,0.9483333333333334,17,1,0.8,5,"(1, 3)",0.9,6
988,0.9483333333333334,17,1,80.0,5,"(1, 2)",0.9,6
989,0.9483333333333334,17,1,80.0,5,"(1, 3)",0.9,6
990,0.9483333333333334,17,1,70.0,6,"(1, 2)",0.7,6
991,0.9483333333333334,17,1,80.0,6,"(1, 4)",0.7,6
992,0.9483333333333334,17,1,0.5,7,"(1, 3)",0.7,6
993,0.9483333333333334,17,1,0.5,7,"(1, 3)",0.7,12
994,0.9483333333333334,17,1,60.0,7,"(1, 3)",0.9,6
995,0.9483333333333334,17,1,70.0,7,"(1, 1)",0.7,6
996,0.9483333333333334,17,1,70.0,7,"(1, 1)",0.9,6
997,0.9483333333333334,17,1,80.0,7,"(1, 1)",0.9,12
998,0.9483333333333334,17,1,0.5,8,"(1, 4)",0.9,12
999,0.9483333333333334,17,1,0.6,8,"(1, 1)",0.7,6
1000,0.9483333333333334,17,1,0.6,8,"(1, 1)",0.9,6
1001,0.9483333333333334,17,1,0.6,8,"(1, 2)",0.9,6
1002,0.9483333333333334,17,1,0.7,8,"(1, 1)",0.7,6
1003,0.9483333333333334,17,1,0.7,8,"(1, 1)",0.9,6
1004,0.9483333333333334,17,1,0.7,8,"(1, 2)",0.9,6
1005,0.9483333333333334,17,1,0.8,8,"(1, 1)",0.7,6
1006,0.9483333333333334,17,1,0.8,8,"(1, 1)",0.9,6
1007,0.9483333333333334,17,1,0.8,8,"(1, 2)",0.9,6
1008,0.9483333333333334,17,1,60.0,8,"(1, 2)",0.7,6
1009,0.9483333333333334,17,1,70.0,8,"(1, 3)",0.7,6
1010,0.9483333333333334,17,1,0.6,9,"(1, 4)",0.9,6
1011,0.9483333333333334,17,1,0.7,9,"(1, 4)",0.9,6
1012,0.9483333333333334,17,1,0.8,9,"(1, 4)",0.9,6
1013,0.9483333333333334,17,1,60.0,9,"(1, 1)",0.9,6
1014,0.9483333333333334,17,1,60.0,9,"(1, 2)",0.9,6
1015,0.9483333333333334,17,1,60.0,9,"(1, 1)",0.7,12
1016,0.9483333333333334,17,1,70.0,9,"(1, 3)",0.9,6
1017,0.9483333333333334,17,1,80.0,9,"(1, 1)",0.9,6
1018,0.9483333333333334,17,1,80.0,9,"(1, 4)",0.7,12
1019,0.9483333333333334,17,1,60.0,10,"(1, 1)",0.9,6
1020,0.9483333333333334,17,1,80.0,10,"(1, 3)",0.7,6
1021,0.9483333333333334,17,1,0.6,11,"(1, 2)",0.9,6
1022,0.9483333333333334,17,1,0.6,11,"(1, 4)",0.9,12
1023,0.9483333333333334,17,1,0.7,11,"(1, 2)",0.9,6
1024,0.9483333333333334,17,1,0.7,11,"(1, 4)",0.9,12
1025,0.9483333333333334,17,1,0.8,11,"(1, 2)",0.9,6
1026,0.9483333333333334,17,1,0.8,11,"(1, 4)",0.9,12
1027,0.9483333333333334,17,1,80.0,11,"(1, 3)",0.7,6
1028,0.9483333333333334,17,1,60.0,12,"(1, 3)",0.7,6
1029,0.9483333333333334,17,1,70.0,12,"(1, 4)",0.7,6
1030,0.9483333333333334,17,1,70.0,12,"(1, 2)",0.9,6
1031,0.9483333333333334,17,1,80.0,12,"(1, 2)",0.7,12
1032,0.9483333333333334,17,1,0.5,13,"(1, 3)",0.9,12
1033,0.9483333333333334,17,1,80.0,13,"(1, 4)",0.9,12
1034,0.9483333333333334,17,1,0.5,14,"(1, 1)",0.7,6
1035,0.9483333333333334,17,1,0.5,14,"(1, 2)",0.9,6
1036,0.9483333333333334,17,1,60.0,14,"(1, 3)",0.9,12
1037,0.9483333333333334,17,1,70.0,14,"(1, 1)",0.9,12
1038,0.9483333333333334,17,1,0.6,15,"(1, 3)",0.9,12
1039,0.9483333333333334,17,1,0.7,15,"(1, 3)",0.9,12
1040,0.9483333333333334,17,1,0.8,15,"(1, 3)",0.9,12
1041,0.9483333333333334,17,1,80.0,15,"(1, 3)",0.7,6
1042,0.9483333333333334,17,1,80.0,15,"(1, 4)",0.7,6
1043,0.9483333333333334,17,1,0.5,16,"(1, 4)",0.7,12
1044,0.9483333333333334,17,1,60.0,16,"(1, 2)",0.9,12
1045,0.9483333333333334,17,1,80.0,16,"(1, 1)",0.9,6
1046,0.9483333333333334,17,1,0.6,17,"(1, 3)",0.7,12
1047,0.9483333333333334,17,1,0.7,17,"(1, 3)",0.7,12
1048,0.9483333333333334,17,1,0.8,17,"(1, 3)",0.7,12
1049,0.9483333333333334,17,1,70.0,17,"(1, 4)",0.9,12
1050,0.9483333333333334,17,1,80.0,17,"(1, 2)",0.7,6
1051,0.9483333333333334,17,1,0.5,18,"(1, 1)",0.7,12
1052,0.9483333333333334,17,1,70.0,18,"(1, 2)",0.7,12
1053,0.9483333333333334,17,1,80.0,18,"(1, 3)",0.7,6
1054,0.9483333333333334,17,1,0.6,19,"(1, 1)",0.9,6
1055,0.9483333333333334,17,1,0.6,19,"(1, 2)",0.9,6
1056,0.9483333333333334,17,1,0.6,19,"(1, 3)",0.9,12
1057,0.9483333333333334,17,1,0.7,19,"(1, 1)",0.9,6
1058,0.9483333333333334,17,1,0.7,19,"(1, 2)",0.9,6
1059,0.9483333333333334,17,1,0.7,19,"(1, 3)",0.9,12
1060,0.9483333333333334,17,1,0.8,19,"(1, 1)",0.9,6
1061,0.9483333333333334,17,1,0.8,19,"(1, 2)",0.9,6
1062,0.9483333333333334,17,1,0.8,19,"(1, 3)",0.9,12
1063,0.9483333333333334,17,1,60.0,19,"(1, 1)",0.9,12
1064,0.9483333333333334,17,1,70.0,19,"(1, 1)",0.7,12
1065,0.9483333333333334,17,1,80.0,19,"(1, 2)",0.7,6
1066,0.9483333333333334,17,1,80.0,19,"(1, 3)",0.7,6
1067,0.9483333333333334,17,1,80.0,19,"(1, 3)",0.9,6
1068,0.9483333333333334,17,1,80.0,19,"(1, 4)",0.9,12
1069,0.9483333333333334,17,1,0.6,20,"(1, 2)",0.7,6
1070,0.9483333333333334,17,1,0.6,20,"(1, 2)",0.9,12
1071,0.9483333333333334,17,1,0.7,20,"(1, 2)",0.7,6
1072,0.9483333333333334,17,1,0.7,20,"(1, 2)",0.9,12
1073,0.9483333333333334,17,1,0.8,20,"(1, 2)",0.7,6
1074,0.9483333333333334,17,1,0.8,20,"(1, 2)",0.9,12
1075,0.9483333333333334,17,1,80.0,20,"(1, 1)",0.9,6
1076,0.9483333333333334,17,1,80.0,20,"(1, 3)",0.9,6
1077,0.9483333333333334,17,1,0.6,21,"(1, 2)",0.7,6
1078,0.9483333333333334,17,1,0.6,21,"(1, 1)",0.9,6
1079,0.9483333333333334,17,1,0.7,21,"(1, 2)",0.7,6
1080,0.9483333333333334,17,1,0.7,21,"(1, 1)",0.9,6
1081,0.9483333333333334,17,1,0.8,21,"(1, 2)",0.7,6
1082,0.9483333333333334,17,1,0.8,21,"(1, 1)",0.9,6
1083,0.9483333333333334,17,1,70.0,21,"(1, 1)",0.9,6
1084,0.9466666666666667,17,1,0.6,4,"(1, 1)",0.9,12
1085,0.9466666666666667,17,1,0.7,4,"(1, 1)",0.9,12
1086,0.9466666666666667,17,1,0.8,4,"(1, 1)",0.9,12
1087,0.9466666666666667,17,1,80.0,5,"(1, 4)",0.7,6
1088,0.9466666666666667,17,1,0.5,6,"(1, 1)",0.7,6
1089,0.9466666666666667,17,1,0.5,6,"(1, 4)",0.9,6
1090,0.9466666666666667,17,1,0.5,6,"(1, 4)",0.7,12
1091,0.9466666666666667,17,1,60.0,6,"(1, 2)",0.7,6
1092,0.9466666666666667,17,1,60.0,6,"(1, 2)",0.7,12
1093,0.9466666666666667,17,1,60.0,6,"(1, 3)",0.7,12
1094,0.9466666666666667,17,1,80.0,6,"(1, 2)",0.7,12
1095,0.9466666666666667,17,1,0.5,7,"(1, 2)",0.7,12
1096,0.9466666666666667,17,1,0.6,7,"(1, 4)",0.9,6
1097,0.9466666666666667,17,1,0.7,7,"(1, 4)",0.9,6
1098,0.9466666666666667,17,1,0.8,7,"(1, 4)",0.9,6
1099,0.9466666666666667,17,1,60.0,7,"(1, 1)",0.9,6
1100,0.9466666666666667,17,1,60.0,7,"(1, 4)",0.9,6
1101,0.9466666666666667,17,1,80.0,7,"(1, 2)",0.9,6
1102,0.9466666666666667,17,1,80.0,7,"(1, 3)",0.9,12
1103,0.9466666666666667,17,1,0.5,8,"(1, 1)",0.9,12
1104,0.9466666666666667,17,1,0.6,8,"(1, 4)",0.7,6
1105,0.9466666666666667,17,1,0.6,8,"(1, 3)",0.7,12
1106,0.9466666666666667,17,1,0.7,8,"(1, 4)",0.7,6
1107,0.9466666666666667,17,1,0.7,8,"(1, 3)",0.7,12
1108,0.9466666666666667,17,1,0.8,8,"(1, 4)",0.7,6
1109,0.9466666666666667,17,1,0.8,8,"(1, 3)",0.7,12
1110,0.9466666666666667,17,1,70.0,8,"(1, 2)",0.7,12
1111,0.9466666666666667,17,1,0.5,9,"(1, 2)",0.9,6
1112,0.9466666666666667,17,1,0.5,9,"(1, 3)",0.7,12
1113,0.9466666666666667,17,1,0.6,9,"(1, 2)",0.7,6
1114,0.9466666666666667,17,1,0.7,9,"(1, 2)",0.7,6
1115,0.9466666666666667,17,1,0.8,9,"(1, 2)",0.7,6
1116,0.9466666666666667,17,1,0.5,10,"(1, 2)",0.7,12
1117,0.9466666666666667,17,1,0.6,10,"(1, 4)",0.7,6
1118,0.9466666666666667,17,1,0.6,10,"(1, 3)",0.7,12
1119,0.9466666666666667,17,1,0.7,10,"(1, 4)",0.7,6
1120,0.9466666666666667,17,1,0.7,10,"(1, 3)",0.7,12
1121,0.9466666666666667,17,1,0.8,10,"(1, 4)",0.7,6
1122,0.9466666666666667,17,1,0.8,10,"(1, 3)",0.7,12
1123,0.9466666666666667,17,1,60.0,10,"(1, 1)",0.9,12
1124,0.9466666666666667,17,1,0.5,11,"(1, 4)",0.9,12
1125,0.9466666666666667,17,1,0.6,11,"(1, 3)",0.9,12
1126,0.9466666666666667,17,1,0.7,11,"(1, 3)",0.9,12
1127,0.9466666666666667,17,1,0.8,11,"(1, 3)",0.9,12
1128,0.9466666666666667,17,1,60.0,11,"(1, 4)",0.9,6
1129,0.9466666666666667,17,1,70.0,11,"(1, 1)",0.7,6
1130,0.9466666666666667,17,1,70.0,11,"(1, 3)",0.7,12
1131,0.9466666666666667,17,1,80.0,11,"(1, 1)",0.9,12
1132,0.9466666666666667,17,1,0.6,12,"(1, 4)",0.9,6
1133,0.9466666666666667,17,1,0.6,12,"(1, 4)",0.9,12
1134,0.9466666666666667,17,1,0.7,12,"(1, 4)",0.9,6
1135,0.9466666666666667,17,1,0.7,12,"(1, 4)",0.9,12
1136,0.9466666666666667,17,1,0.8,12,"(1, 4)",0.9,6
1137,0.9466666666666667,17,1,0.8,12,"(1, 4)",0.9,12
1138,0.9466666666666667,17,1,70.0,12,"(1, 1)",0.7,6
1139,0.9466666666666667,17,1,70.0,12,"(1, 3)",0.9,6
1140,0.9466666666666667,17,1,70.0,12,"(1, 4)",0.7,12
1141,0.9466666666666667,17,1,80.0,12,"(1, 3)",0.7,12
1142,0.9466666666666667,17,1,70.0,13,"(1, 1)",0.7,12
1143,0.9466666666666667,17,1,80.0,13,"(1, 3)",0.7,6
1144,0.9466666666666667,17,1,60.0,14,"(1, 4)",0.9,12
1145,0.9466666666666667,17,1,80.0,14,"(1, 2)",0.9,6
1146,0.9466666666666667,17,1,0.6,15,"(1, 2)",0.7,12
1147,0.9466666666666667,17,1,0.7,15,"(1, 2)",0.7,12
1148,0.9466666666666667,17,1,0.8,15,"(1, 2)",0.7,12
1149,0.9466666666666667,17,1,80.0,15,"(1, 4)",0.7,12
1150,0.9466666666666667,17,1,80.0,15,"(1, 4)",0.9,12
1151,0.9466666666666667,17,1,0.5,16,"(1, 2)",0.7,6
1152,0.9466666666666667,17,1,0.5,16,"(1, 3)",0.9,6
1153,0.9466666666666667,17,1,0.5,16,"(1, 2)",0.9,12
1154,0.9466666666666667,17,1,60.0,16,"(1, 1)",0.7,6
1155,0.9466666666666667,17,1,60.0,16,"(1, 2)",0.7,6
1156,0.9466666666666667,17,1,80.0,16,"(1, 1)",0.7,6
1157,0.9466666666666667,17,1,80.0,16,"(1, 3)",0.9,12
1158,0.9466666666666667,17,1,0.5,17,"(1, 2)",0.7,6
1159,0.9466666666666667,17,1,60.0,17,"(1, 4)",0.9,6
1160,0.9466666666666667,17,1,60.0,17,"(1, 2)",0.9,12
1161,0.9466666666666667,17,1,70.0,17,"(1, 2)",0.7,12
1162,0.9466666666666667,17,1,80.0,17,"(1, 2)",0.9,6
1163,0.9466666666666667,17,1,0.6,18,"(1, 4)",0.9,12
1164,0.9466666666666667,17,1,0.7,18,"(1, 4)",0.9,12
1165,0.9466666666666667,17,1,0.8,18,"(1, 4)",0.9,12
1166,0.9466666666666667,17,1,60.0,18,"(1, 3)",0.7,6
1167,0.9466666666666667,17,1,60.0,18,"(1, 1)",0.9,6
1168,0.9466666666666667,17,1,60.0,18,"(1, 4)",0.9,6
1169,0.9466666666666667,17,1,60.0,18,"(1, 1)",0.9,12
1170,0.9466666666666667,17,1,70.0,18,"(1, 3)",0.9,6
1171,0.9466666666666667,17,1,70.0,18,"(1, 1)",0.9,12
1172,0.9466666666666667,17,1,0.5,19,"(1, 1)",0.7,12
1173,0.9466666666666667,17,1,0.6,19,"(1, 3)",0.7,6
1174,0.9466666666666667,17,1,0.7,19,"(1, 3)",0.7,6
1175,0.9466666666666667,17,1,0.8,19,"(1, 3)",0.7,6
1176,0.9466666666666667,17,1,70.0,19,"(1, 3)",0.9,6
1177,0.9466666666666667,17,1,70.0,19,"(1, 3)",0.7,12
1178,0.9466666666666667,17,1,80.0,19,"(1, 1)",0.7,12
1179,0.9466666666666667,17,1,0.5,20,"(1, 2)",0.9,12
1180,0.9466666666666667,17,1,60.0,20,"(1, 2)",0.9,6
1181,0.9466666666666667,17,1,60.0,20,"(1, 1)",0.7,12
1182,0.9466666666666667,17,1,70.0,20,"(1, 1)",0.9,6
1183,0.9466666666666667,17,1,80.0,20,"(1, 4)",0.7,12
1184,0.9466666666666667,17,1,70.0,21,"(1, 2)",0.7,12
1185,0.9466666666666667,17,1,80.0,21,"(1, 2)",0.7,12
1186,0.945,17,1,0.5,3,"(1, 1)",0.9,6
1187,0.945,17,1,0.6,3,"(1, 1)",0.9,6
1188,0.945,17,1,0.6,3,"(1, 1)",0.9,12
1189,0.945,17,1,0.7,3,"(1, 1)",0.9,6
1190,0.945,17,1,0.7,3,"(1, 1)",0.9,12
1191,0.945,17,1,0.8,3,"(1, 1)",0.9,6
1192,0.945,17,1,0.8,3,"(1, 1)",0.9,12
1193,0.945,17,1,70.0,3,"(1, 2)",0.7,6
1194,0.945,17,1,70.0,4,"(1, 1)",0.7,12
1195,0.945,17,1,0.5,5,"(1, 1)",0.7,12
1196,0.945,17,1,0.6,5,"(1, 1)",0.9,12
1197,0.945,17,1,0.7,5,"(1, 1)",0.9,12
1198,0.945,17,1,0.8,5,"(1, 1)",0.9,12
1199,0.945,17,1,60.0,5,"(1, 3)",0.9,6
1200,0.945,17,1,0.5,6,"(1, 4)",0.9,12
1201,0.945,17,1,0.6,6,"(1, 2)",0.7,6
1202,0.945,17,1,0.6,6,"(1, 4)",0.7,6
1203,0.945,17,1,0.7,6,"(1, 2)",0.7,6
1204,0.945,17,1,0.7,6,"(1, 4)",0.7,6
1205,0.945,17,1,0.8,6,"(1, 2)",0.7,6
1206,0.945,17,1,0.8,6,"(1, 4)",0.7,6
1207,0.945,17,1,60.0,6,"(1, 4)",0.9,6
1208,0.945,17,1,80.0,6,"(1, 1)",0.9,12
1209,0.945,17,1,0.5,7,"(1, 1)",0.9,6
1210,0.945,17,1,0.6,7,"(1, 2)",0.9,6
1211,0.945,17,1,0.7,7,"(1, 2)",0.9,6
1212,0.945,17,1,0.8,7,"(1, 2)",0.9,6
1213,0.945,17,1,0.5,8,"(1, 2)",0.9,6
1214,0.945,17,1,0.5,8,"(1, 3)",0.9,6
1215,0.945,17,1,60.0,8,"(1, 3)",0.9,6
1216,0.945,17,1,70.0,8,"(1, 2)",0.7,6
1217,0.945,17,1,70.0,8,"(1, 4)",0.7,6
1218,0.945,17,1,80.0,8,"(1, 2)",0.7,12
1219,0.945,17,1,80.0,9,"(1, 4)",0.9,6
1220,0.945,17,1,80.0,9,"(1, 2)",0.7,12
1221,0.945,17,1,0.5,10,"(1, 3)",0.9,6
1222,0.945,17,1,60.0,10,"(1, 1)",0.7,6
1223,0.945,17,1,60.0,10,"(1, 2)",0.7,6
1224,0.945,17,1,0.5,11,"(1, 4)",0.7,6
1225,0.945,17,1,0.6,11,"(1, 3)",0.7,6
1226,0.945,17,1,0.7,11,"(1, 3)",0.7,6
1227,0.945,17,1,0.8,11,"(1, 3)",0.7,6
1228,0.945,17,1,60.0,11,"(1, 1)",0.9,6
1229,0.945,17,1,60.0,11,"(1, 4)",0.9,12
1230,0.945,17,1,70.0,11,"(1, 4)",0.7,12
1231,0.945,17,1,80.0,11,"(1, 4)",0.7,6
1232,0.945,17,1,60.0,12,"(1, 4)",0.9,6
1233,0.945,17,1,70.0,12,"(1, 3)",0.7,12
1234,0.945,17,1,80.0,12,"(1, 4)",0.7,6
1235,0.945,17,1,80.0,12,"(1, 1)",0.9,6
1236,0.945,17,1,0.5,13,"(1, 1)",0.7,12
1237,0.945,17,1,0.6,13,"(1, 1)",0.9,6
1238,0.945,17,1,0.7,13,"(1, 1)",0.9,6
1239,0.945,17,1,0.8,13,"(1, 1)",0.9,6
1240,0.945,17,1,70.0,13,"(1, 3)",0.7,12
1241,0.945,17,1,80.0,13,"(1, 1)",0.9,12
1242,0.945,17,1,0.6,14,"(1, 2)",0.9,6
1243,0.945,17,1,0.7,14,"(1, 2)",0.9,6
1244,0.945,17,1,0.8,14,"(1, 2)",0.9,6
1245,0.945,17,1,70.0,14,"(1, 3)",0.9,6
1246,0.945,17,1,80.0,14,"(1, 4)",0.9,6
1247,0.945,17,1,70.0,15,"(1, 2)",0.9,6
1248,0.945,17,1,80.0,15,"(1, 1)",0.7,6
1249,0.945,17,1,60.0,16,"(1, 4)",0.7,12
1250,0.945,17,1,70.0,16,"(1, 1)",0.7,6
1251,0.945,17,1,60.0,17,"(1, 3)",0.9,6
1252,0.945,17,1,80.0,17,"(1, 1)",0.9,6
1253,0.945,17,1,0.5,18,"(1, 1)",0.7,6
1254,0.945,17,1,0.5,18,"(1, 3)",0.7,6
1255,0.945,17,1,60.0,18,"(1, 3)",0.7,12
1256,0.945,17,1,70.0,18,"(1, 1)",0.7,6
1257,0.945,17,1,70.0,18,"(1, 4)",0.7,12
1258,0.945,17,1,0.6,19,"(1, 4)",0.7,6
1259,0.945,17,1,0.7,19,"(1, 4)",0.7,6
1260,0.945,17,1,0.8,19,"(1, 4)",0.7,6
1261,0.945,17,1,60.0,19,"(1, 1)",0.7,6
1262,0.945,17,1,0.5,20,"(1, 4)",0.9,12
1263,0.945,17,1,80.0,20,"(1, 2)",0.9,12
1264,0.945,17,1,0.5,21,"(1, 4)",0.7,6
1265,0.945,17,1,0.5,21,"(1, 4)",0.9,12
1266,0.945,17,1,60.0,21,"(1, 3)",0.7,12
1267,0.945,17,1,60.0,21,"(1, 1)",0.9,12
1268,0.945,17,1,70.0,21,"(1, 3)",0.9,12
1269,0.9433333333333334,17,1,80.0,4,"(1, 1)",0.9,6
1270,0.9433333333333334,17,1,0.5,5,"(1, 2)",0.7,6
1271,0.9433333333333334,17,1,0.5,5,"(1, 2)",0.7,12
1272,0.9433333333333334,17,1,60.0,5,"(1, 1)",0.9,6
1273,0.9433333333333334,17,1,70.0,5,"(1, 2)",0.7,12
1274,0.9433333333333334,17,1,70.0,5,"(1, 2)",0.9,12
1275,0.9433333333333334,17,1,0.6,6,"(1, 2)",0.9,12
1276,0.9433333333333334,17,1,0.7,6,"(1, 2)",0.9,12
1277,0.9433333333333334,17,1,0.8,6,"(1, 2)",0.9,12
1278,0.9433333333333334,17,1,70.0,6,"(1, 3)",0.7,6
1279,0.9433333333333334,17,1,80.0,6,"(1, 1)",0.7,6
1280,0.9433333333333334,17,1,80.0,6,"(1, 4)",0.9,6
1281,0.9433333333333334,17,1,80.0,7,"(1, 2)",0.7,12
1282,0.9433333333333334,17,1,0.6,8,"(1, 3)",0.9,6
1283,0.9433333333333334,17,1,0.7,8,"(1, 3)",0.9,6
1284,0.9433333333333334,17,1,0.8,8,"(1, 3)",0.9,6
1285,0.9433333333333334,17,1,70.0,8,"(1, 2)",0.9,6
1286,0.9433333333333334,17,1,80.0,8,"(1, 3)",0.7,6
1287,0.9433333333333334,17,1,80.0,8,"(1, 4)",0.7,6
1288,0.9433333333333334,17,1,80.0,8,"(1, 2)",0.9,6
1289,0.9433333333333334,17,1,0.5,9,"(1, 3)",0.9,12
1290,0.9433333333333334,17,1,0.6,9,"(1, 2)",0.9,6
1291,0.9433333333333334,17,1,0.7,9,"(1, 2)",0.9,6
1292,0.9433333333333334,17,1,0.8,9,"(1, 2)",0.9,6
1293,0.9433333333333334,17,1,60.0,9,"(1, 3)",0.9,12
1294,0.9433333333333334,17,1,70.0,9,"(1, 2)",0.7,12
1295,0.9433333333333334,17,1,70.0,9,"(1, 4)",0.7,12
1296,0.9433333333333334,17,1,0.5,10,"(1, 4)",0.9,12
1297,0.9433333333333334,17,1,0.6,10,"(1, 4)",0.7,12
1298,0.9433333333333334,17,1,0.6,10,"(1, 4)",0.9,12
1299,0.9433333333333334,17,1,0.7,10,"(1, 4)",0.7,12
1300,0.9433333333333334,17,1,0.7,10,"(1, 4)",0.9,12
1301,0.9433333333333334,17,1,0.8,10,"(1, 4)",0.7,12
1302,0.9433333333333334,17,1,0.8,10,"(1, 4)",0.9,12
1303,0.9433333333333334,17,1,80.0,10,"(1, 2)",0.9,12
1304,0.9433333333333334,17,1,0.6,11,"(1, 1)",0.7,12
1305,0.9433333333333334,17,1,0.7,11,"(1, 1)",0.7,12
1306,0.9433333333333334,17,1,0.8,11,"(1, 1)",0.7,12
1307,0.9433333333333334,17,1,60.0,11,"(1, 1)",0.7,6
1308,0.9433333333333334,17,1,60.0,11,"(1, 3)",0.9,12
1309,0.9433333333333334,17,1,70.0,11,"(1, 4)",0.7,6
1310,0.9433333333333334,17,1,80.0,11,"(1, 1)",0.7,6
1311,0.9433333333333334,17,1,80.0,11,"(1, 1)",0.9,6
1312,0.9433333333333334,17,1,80.0,11,"(1, 4)",0.7,12
1313,0.9433333333333334,17,1,0.5,12,"(1, 3)",0.9,6
1314,0.9433333333333334,17,1,80.0,13,"(1, 1)",0.7,6
1315,0.9433333333333334,17,1,80.0,13,"(1, 2)",0.9,6
1316,0.9433333333333334,17,1,0.5,14,"(1, 4)",0.7,6
1317,0.9433333333333334,17,1,60.0,14,"(1, 2)",0.9,6
1318,0.9433333333333334,17,1,70.0,14,"(1, 1)",0.9,6
1319,0.9433333333333334,17,1,0.6,15,"(1, 1)",0.9,6
1320,0.9433333333333334,17,1,0.6,15,"(1, 3)",0.9,6
1321,0.9433333333333334,17,1,0.7,15,"(1, 1)",0.9,6
1322,0.9433333333333334,17,1,0.7,15,"(1, 3)",0.9,6
1323,0.9433333333333334,17,1,0.8,15,"(1, 1)",0.9,6
1324,0.9433333333333334,17,1,0.8,15,"(1, 3)",0.9,6
1325,0.9433333333333334,17,1,60.0,15,"(1, 1)",0.7,12
1326,0.9433333333333334,17,1,70.0,15,"(1, 2)",0.7,6
1327,0.9433333333333334,17,1,80.0,16,"(1, 4)",0.7,6
1328,0.9433333333333334,17,1,80.0,16,"(1, 1)",0.7,12
1329,0.9433333333333334,17,1,70.0,17,"(1, 1)",0.7,12
1330,0.9433333333333334,17,1,70.0,17,"(1, 3)",0.7,12
1331,0.9433333333333334,17,1,80.0,17,"(1, 3)",0.9,12
1332,0.9433333333333334,17,1,0.6,18,"(1, 4)",0.7,6
1333,0.9433333333333334,17,1,0.7,18,"(1, 4)",0.7,6
1334,0.9433333333333334,17,1,0.8,18,"(1, 4)",0.7,6
1335,0.9433333333333334,17,1,70.0,18,"(1, 1)",0.9,6
1336,0.9433333333333334,17,1,60.0,19,"(1, 4)",0.9,6
1337,0.9433333333333334,17,1,80.0,19,"(1, 1)",0.9,6
1338,0.9433333333333334,17,1,80.0,19,"(1, 2)",0.9,6
1339,0.9433333333333334,17,1,80.0,19,"(1, 3)",0.9,12
1340,0.9433333333333334,17,1,0.5,20,"(1, 1)",0.9,12
1341,0.9433333333333334,17,1,60.0,20,"(1, 2)",0.7,6
1342,0.9433333333333334,17,1,70.0,20,"(1, 2)",0.9,12
1343,0.9433333333333334,17,1,80.0,20,"(1, 1)",0.7,6
1344,0.9433333333333334,17,1,70.0,21,"(1, 2)",0.9,6
1345,0.9433333333333334,17,1,80.0,21,"(1, 3)",0.9,6
1346,0.9416666666666667,17,1,0.5,3,"(1, 2)",0.7,6
1347,0.9416666666666667,17,1,80.0,3,"(1, 3)",0.9,6
1348,0.9416666666666667,17,1,80.0,4,"(1, 4)",0.7,6
1349,0.9416666666666667,17,1,60.0,5,"(1, 1)",0.9,12
1350,0.9416666666666667,17,1,70.0,5,"(1, 1)",0.7,12
1351,0.9416666666666667,17,1,80.0,5,"(1, 1)",0.7,6
1352,0.9416666666666667,17,1,0.5,6,"(1, 3)",0.7,12
1353,0.9416666666666667,17,1,60.0,6,"(1, 4)",0.7,6
1354,0.9416666666666667,17,1,70.0,6,"(1, 3)",0.9,12
1355,0.9416666666666667,17,1,60.0,7,"(1, 2)",0.9,12
1356,0.9416666666666667,17,1,70.0,7,"(1, 2)",0.9,6
1357,0.9416666666666667,17,1,70.0,7,"(1, 3)",0.9,6
1358,0.9416666666666667,17,1,80.0,7,"(1, 2)",0.9,12
1359,0.9416666666666667,17,1,0.5,8,"(1, 1)",0.9,6
1360,0.9416666666666667,17,1,60.0,8,"(1, 2)",0.7,12
1361,0.9416666666666667,17,1,70.0,8,"(1, 3)",0.9,6
1362,0.9416666666666667,17,1,0.5,9,"(1, 1)",0.7,12
1363,0.9416666666666667,17,1,0.6,9,"(1, 3)",0.9,12
1364,0.9416666666666667,17,1,0.7,9,"(1, 3)",0.9,12
1365,0.9416666666666667,17,1,0.8,9,"(1, 3)",0.9,12
1366,0.9416666666666667,17,1,80.0,9,"(1, 2)",0.9,6
1367,0.9416666666666667,17,1,60.0,10,"(1, 3)",0.9,6
1368,0.9416666666666667,17,1,70.0,10,"(1, 1)",0.7,6
1369,0.9416666666666667,17,1,70.0,10,"(1, 4)",0.9,12
1370,0.9416666666666667,17,1,80.0,10,"(1, 3)",0.9,6
1371,0.9416666666666667,17,1,80.0,10,"(1, 1)",0.7,12
1372,0.9416666666666667,17,1,0.5,11,"(1, 1)",0.7,6
1373,0.9416666666666667,17,1,0.6,11,"(1, 1)",0.9,12
1374,0.9416666666666667,17,1,0.7,11,"(1, 1)",0.9,12
1375,0.9416666666666667,17,1,0.8,11,"(1, 1)",0.9,12
1376,0.9416666666666667,17,1,60.0,11,"(1, 2)",0.7,6
1377,0.9416666666666667,17,1,60.0,11,"(1, 1)",0.9,12
1378,0.9416666666666667,17,1,70.0,11,"(1, 2)",0.7,6
1379,0.9416666666666667,17,1,70.0,11,"(1, 1)",0.7,12
1380,0.9416666666666667,17,1,80.0,11,"(1, 2)",0.9,6
1381,0.9416666666666667,17,1,60.0,12,"(1, 3)",0.9,6
1382,0.9416666666666667,17,1,70.0,12,"(1, 2)",0.7,6
1383,0.9416666666666667,17,1,70.0,12,"(1, 3)",0.7,6
1384,0.9416666666666667,17,1,80.0,12,"(1, 1)",0.7,12
1385,0.9416666666666667,17,1,0.5,13,"(1, 3)",0.7,12
1386,0.9416666666666667,17,1,60.0,13,"(1, 4)",0.9,12
1387,0.9416666666666667,17,1,70.0,13,"(1, 2)",0.9,12
1388,0.9416666666666667,17,1,0.5,14,"(1, 2)",0.7,12
1389,0.9416666666666667,17,1,0.5,14,"(1, 2)",0.9,12
1390,0.9416666666666667,17,1,60.0,14,"(1, 3)",0.7,6
1391,0.9416666666666667,17,1,0.5,15,"(1, 4)",0.9,6
1392,0.9416666666666667,17,1,0.5,15,"(1, 2)",0.7,12
1393,0.9416666666666667,17,1,70.0,15,"(1, 1)",0.7,6
1394,0.9416666666666667,17,1,70.0,15,"(1, 4)",0.9,6
1395,0.9416666666666667,17,1,80.0,15,"(1, 1)",0.9,6
1396,0.9416666666666667,17,1,80.0,15,"(1, 3)",0.9,6
1397,0.9416666666666667,17,1,80.0,16,"(1, 1)",0.9,12
1398,0.9416666666666667,17,1,0.6,17,"(1, 1)",0.7,6
1399,0.9416666666666667,17,1,0.6,17,"(1, 1)",0.9,12
1400,0.9416666666666667,17,1,0.7,17,"(1, 1)",0.7,6
1401,0.9416666666666667,17,1,0.7,17,"(1, 1)",0.9,12
1402,0.9416666666666667,17,1,0.8,17,"(1, 1)",0.7,6
1403,0.9416666666666667,17,1,0.8,17,"(1, 1)",0.9,12
1404,0.9416666666666667,17,1,60.0,17,"(1, 3)",0.7,6
1405,0.9416666666666667,17,1,70.0,17,"(1, 1)",0.9,6
1406,0.9416666666666667,17,1,70.0,18,"(1, 3)",0.7,12
1407,0.9416666666666667,17,1,80.0,18,"(1, 4)",0.7,6
1408,0.9416666666666667,17,1,0.5,19,"(1, 4)",0.9,12
1409,0.9416666666666667,17,1,0.6,19,"(1, 1)",0.9,12
1410,0.9416666666666667,17,1,0.7,19,"(1, 1)",0.9,12
1411,0.9416666666666667,17,1,0.8,19,"(1, 1)",0.9,12
1412,0.9416666666666667,17,1,60.0,19,"(1, 2)",0.9,6
1413,0.9416666666666667,17,1,80.0,19,"(1, 4)",0.7,12
1414,0.9416666666666667,17,1,0.5,20,"(1, 2)",0.7,6
1415,0.9416666666666667,17,1,0.5,21,"(1, 4)",0.7,12
1416,0.9416666666666667,17,1,60.0,21,"(1, 3)",0.9,6
1417,0.94,17,1,80.0,3,"(1, 1)",0.7,6
1418,0.94,17,1,60.0,5,"(1, 4)",0.7,6
1419,0.94,17,1,60.0,5,"(1, 1)",0.7,12
1420,0.94,17,1,70.0,5,"(1, 2)",0.9,6
1421,0.94,17,1,70.0,5,"(1, 3)",0.7,12
1422,0.94,17,1,70.0,5,"(1, 3)",0.9,12
1423,0.94,17,1,80.0,5,"(1, 2)",0.9,12
1424,0.94,17,1,0.6,6,"(1, 2)",0.9,6
1425,0.94,17,1,0.7,6,"(1, 2)",0.9,6
1426,0.94,17,1,0.8,6,"(1, 2)",0.9,6
1427,0.94,17,1,70.0,6,"(1, 1)",0.9,12
1428,0.94,17,1,0.6,8,"(1, 2)",0.7,12
1429,0.94,17,1,0.6,8,"(1, 1)",0.9,12
1430,0.94,17,1,0.7,8,"(1, 2)",0.7,12
1431,0.94,17,1,0.7,8,"(1, 1)",0.9,12
1432,0.94,17,1,0.8,8,"(1, 2)",0.7,12
1433,0.94,17,1,0.8,8,"(1, 1)",0.9,12
1434,0.94,17,1,70.0,8,"(1, 1)",0.9,12
1435,0.94,17,1,0.6,9,"(1, 4)",0.9,12
1436,0.94,17,1,0.7,9,"(1, 4)",0.9,12
1437,0.94,17,1,0.8,9,"(1, 4)",0.9,12
1438,0.94,17,1,60.0,9,"(1, 2)",0.9,12
1439,0.94,17,1,60.0,9,"(1, 4)",0.9,12
1440,0.94,17,1,70.0,9,"(1, 1)",0.9,6
1441,0.94,17,1,60.0,10,"(1, 3)",0.7,12
1442,0.94,17,1,70.0,10,"(1, 4)",0.7,12
1443,0.94,17,1,80.0,10,"(1, 2)",0.7,6
1444,0.94,17,1,60.0,11,"(1, 1)",0.7,12
1445,0.94,17,1,80.0,11,"(1, 3)",0.9,6
1446,0.94,17,1,0.6,12,"(1, 1)",0.9,6
1447,0.94,17,1,0.7,12,"(1, 1)",0.9,6
1448,0.94,17,1,0.8,12,"(1, 1)",0.9,6
1449,0.94,17,1,0.5,13,"(1, 4)",0.9,6
1450,0.94,17,1,0.6,13,"(1, 2)",0.7,6
1451,0.94,17,1,0.6,13,"(1, 3)",0.7,6
1452,0.94,17,1,0.6,13,"(1, 4)",0.7,12
1453,0.94,17,1,0.7,13,"(1, 2)",0.7,6
1454,0.94,17,1,0.7,13,"(1, 3)",0.7,6
1455,0.94,17,1,0.7,13,"(1, 4)",0.7,12
1456,0.94,17,1,0.8,13,"(1, 2)",0.7,6
1457,0.94,17,1,0.8,13,"(1, 3)",0.7,6
1458,0.94,17,1,0.8,13,"(1, 4)",0.7,12
1459,0.94,17,1,60.0,13,"(1, 3)",0.7,12
1460,0.94,17,1,60.0,13,"(1, 2)",0.9,12
1461,0.94,17,1,60.0,14,"(1, 4)",0.7,6
1462,0.94,17,1,70.0,14,"(1, 2)",0.7,6
1463,0.94,17,1,0.5,15,"(1, 4)",0.7,6
1464,0.94,17,1,0.5,15,"(1, 3)",0.9,12
1465,0.94,17,1,60.0,15,"(1, 4)",0.9,12
1466,0.94,17,1,70.0,16,"(1, 2)",0.9,12
1467,0.94,17,1,80.0,16,"(1, 4)",0.7,12
1468,0.94,17,1,0.6,17,"(1, 3)",0.9,12
1469,0.94,17,1,0.7,17,"(1, 3)",0.9,12
1470,0.94,17,1,0.8,17,"(1, 3)",0.9,12
1471,0.94,17,1,60.0,17,"(1, 2)",0.7,12
1472,0.94,17,1,70.0,17,"(1, 1)",0.7,6
1473,0.94,17,1,70.0,17,"(1, 4)",0.7,12
1474,0.94,17,1,60.0,18,"(1, 4)",0.9,12
1475,0.94,17,1,80.0,18,"(1, 4)",0.7,12
1476,0.94,17,1,80.0,18,"(1, 4)",0.9,12
1477,0.94,17,1,0.5,19,"(1, 1)",0.9,12
1478,0.94,17,1,60.0,19,"(1, 3)",0.7,6
1479,0.94,17,1,60.0,19,"(1, 3)",0.9,6
1480,0.94,17,1,0.6,20,"(1, 4)",0.9,12
1481,0.94,17,1,0.7,20,"(1, 4)",0.9,12
1482,0.94,17,1,0.8,20,"(1, 4)",0.9,12
1483,0.94,17,1,60.0,20,"(1, 3)",0.9,6
1484,0.94,17,1,80.0,20,"(1, 3)",0.9,12
1485,0.9383333333333334,17,1,0.5,3,"(1, 1)",0.7,6
1486,0.9383333333333334,17,1,60.0,3,"(1, 4)",0.7,6
1487,0.9383333333333334,17,1,80.0,4,"(1, 1)",0.7,12
1488,0.9383333333333334,17,1,70.0,5,"(1, 1)",0.9,6
1489,0.9383333333333334,17,1,0.5,6,"(1, 4)",0.7,6
1490,0.9383333333333334,17,1,0.6,6,"(1, 1)",0.9,6
1491,0.9383333333333334,17,1,0.6,6,"(1, 4)",0.9,6
1492,0.9383333333333334,17,1,0.7,6,"(1, 1)",0.9,6
1493,0.9383333333333334,17,1,0.7,6,"(1, 4)",0.9,6
1494,0.9383333333333334,17,1,0.8,6,"(1, 1)",0.9,6
1495,0.9383333333333334,17,1,0.8,6,"(1, 4)",0.9,6
1496,0.9383333333333334,17,1,0.5,7,"(1, 3)",0.9,6
1497,0.9383333333333334,17,1,0.6,7,"(1, 3)",0.9,6
1498,0.9383333333333334,17,1,0.7,7,"(1, 3)",0.9,6
1499,0.9383333333333334,17,1,0.8,7,"(1, 3)",0.9,6
1500,0.9383333333333334,17,1,70.0,7,"(1, 4)",0.9,12
1501,0.9383333333333334,17,1,0.6,8,"(1, 4)",0.9,12
1502,0.9383333333333334,17,1,0.7,8,"(1, 4)",0.9,12
1503,0.9383333333333334,17,1,0.8,8,"(1, 4)",0.9,12
1504,0.9383333333333334,17,1,60.0,8,"(1, 2)",0.9,12
1505,0.9383333333333334,17,1,60.0,9,"(1, 3)",0.7,6
1506,0.9383333333333334,17,1,80.0,9,"(1, 2)",0.9,12
1507,0.9383333333333334,17,1,0.5,10,"(1, 2)",0.7,6
1508,0.9383333333333334,17,1,60.0,10,"(1, 3)",0.9,12
1509,0.9383333333333334,17,1,70.0,10,"(1, 1)",0.9,6
1510,0.9383333333333334,17,1,60.0,11,"(1, 4)",0.7,6
1511,0.9383333333333334,17,1,60.0,11,"(1, 2)",0.9,12
1512,0.9383333333333334,17,1,80.0,11,"(1, 2)",0.7,12
1513,0.9383333333333334,17,1,0.6,12,"(1, 1)",0.7,12
1514,0.9383333333333334,17,1,0.6,12,"(1, 1)",0.9,12
1515,0.9383333333333334,17,1,0.7,12,"(1, 1)",0.7,12
1516,0.9383333333333334,17,1,0.7,12,"(1, 1)",0.9,12
1517,0.9383333333333334,17,1,0.8,12,"(1, 1)",0.7,12
1518,0.9383333333333334,17,1,0.8,12,"(1, 1)",0.9,12
1519,0.9383333333333334,17,1,60.0,12,"(1, 1)",0.7,12
1520,0.9383333333333334,17,1,60.0,12,"(1, 2)",0.9,12
1521,0.9383333333333334,17,1,60.0,12,"(1, 3)",0.9,12
1522,0.9383333333333334,17,1,60.0,12,"(1, 4)",0.9,12
1523,0.9383333333333334,17,1,70.0,12,"(1, 1)",0.9,6
1524,0.9383333333333334,17,1,60.0,13,"(1, 3)",0.7,6
1525,0.9383333333333334,17,1,70.0,13,"(1, 1)",0.7,6
1526,0.9383333333333334,17,1,70.0,13,"(1, 4)",0.7,12
1527,0.9383333333333334,17,1,70.0,13,"(1, 4)",0.9,12
1528,0.9383333333333334,17,1,80.0,13,"(1, 1)",0.9,6
1529,0.9383333333333334,17,1,80.0,13,"(1, 2)",0.7,12
1530,0.9383333333333334,17,1,70.0,14,"(1, 4)",0.7,12
1531,0.9383333333333334,17,1,70.0,14,"(1, 2)",0.9,12
1532,0.9383333333333334,17,1,80.0,14,"(1, 1)",0.9,6
1533,0.9383333333333334,17,1,80.0,14,"(1, 2)",0.9,12
1534,0.9383333333333334,17,1,70.0,15,"(1, 1)",0.7,12
1535,0.9383333333333334,17,1,70.0,15,"(1, 4)",0.7,12
1536,0.9383333333333334,17,1,80.0,15,"(1, 4)",0.9,6
1537,0.9383333333333334,17,1,0.6,16,"(1, 2)",0.9,12
1538,0.9383333333333334,17,1,0.7,16,"(1, 2)",0.9,12
1539,0.9383333333333334,17,1,0.8,16,"(1, 2)",0.9,12
1540,0.9383333333333334,17,1,70.0,16,"(1, 4)",0.9,12
1541,0.9383333333333334,17,1,0.5,17,"(1, 1)",0.9,6
1542,0.9383333333333334,17,1,70.0,17,"(1, 3)",0.9,12
1543,0.9383333333333334,17,1,80.0,17,"(1, 3)",0.9,6
1544,0.9383333333333334,17,1,0.6,18,"(1, 2)",0.7,6
1545,0.9383333333333334,17,1,0.7,18,"(1, 2)",0.7,6
1546,0.9383333333333334,17,1,0.8,18,"(1, 2)",0.7,6
1547,0.9383333333333334,17,1,60.0,18,"(1, 1)",0.7,12
1548,0.9383333333333334,17,1,80.0,18,"(1, 2)",0.7,12
1549,0.9383333333333334,17,1,60.0,19,"(1, 1)",0.7,12
1550,0.9383333333333334,17,1,80.0,19,"(1, 4)",0.9,6
1551,0.9383333333333334,17,1,0.6,20,"(1, 2)",0.9,6
1552,0.9383333333333334,17,1,0.6,20,"(1, 4)",0.9,6
1553,0.9383333333333334,17,1,0.7,20,"(1, 2)",0.9,6
1554,0.9383333333333334,17,1,0.7,20,"(1, 4)",0.9,6
1555,0.9383333333333334,17,1,0.8,20,"(1, 2)",0.9,6
1556,0.9383333333333334,17,1,0.8,20,"(1, 4)",0.9,6
1557,0.9383333333333334,17,1,60.0,20,"(1, 1)",0.9,6
1558,0.9383333333333334,17,1,80.0,20,"(1, 1)",0.7,12
1559,0.9366666666666666,17,1,0.6,3,"(1, 1)",0.7,12
1560,0.9366666666666666,17,1,0.7,3,"(1, 1)",0.7,12
1561,0.9366666666666666,17,1,0.8,3,"(1, 1)",0.7,12
1562,0.9366666666666666,17,1,60.0,3,"(1, 4)",0.9,6
1563,0.9366666666666666,17,1,70.0,3,"(1, 4)",0.7,6
1564,0.9366666666666666,17,1,80.0,3,"(1, 1)",0.7,12
1565,0.9366666666666666,17,1,70.0,5,"(1, 3)",0.7,6
1566,0.9366666666666666,17,1,80.0,5,"(1, 1)",0.7,12
1567,0.9366666666666666,17,1,0.5,6,"(1, 3)",0.9,12
1568,0.9366666666666666,17,1,0.5,7,"(1, 4)",0.9,12
1569,0.9366666666666666,17,1,0.6,7,"(1, 3)",0.9,12
1570,0.9366666666666666,17,1,0.7,7,"(1, 3)",0.9,12
1571,0.9366666666666666,17,1,0.8,7,"(1, 3)",0.9,12
1572,0.9366666666666666,17,1,70.0,8,"(1, 1)",0.7,12
1573,0.9366666666666666,17,1,70.0,8,"(1, 3)",0.7,12
1574,0.9366666666666666,17,1,80.0,8,"(1, 4)",0.9,6
1575,0.9366666666666666,17,1,0.5,10,"(1, 2)",0.9,6
1576,0.9366666666666666,17,1,80.0,10,"(1, 4)",0.9,6
1577,0.9366666666666666,17,1,70.0,11,"(1, 3)",0.7,6
1578,0.9366666666666666,17,1,80.0,11,"(1, 4)",0.9,6
1579,0.9366666666666666,17,1,60.0,12,"(1, 1)",0.7,6
1580,0.9366666666666666,17,1,60.0,13,"(1, 1)",0.9,12
1581,0.9366666666666666,17,1,80.0,14,"(1, 3)",0.7,6
1582,0.9366666666666666,17,1,80.0,14,"(1, 3)",0.9,12
1583,0.9366666666666666,17,1,60.0,16,"(1, 3)",0.9,12
1584,0.9366666666666666,17,1,80.0,16,"(1, 3)",0.9,6
1585,0.9366666666666666,17,1,80.0,16,"(1, 3)",0.7,12
1586,0.9366666666666666,17,1,0.5,17,"(1, 3)",0.7,6
1587,0.9366666666666666,17,1,60.0,17,"(1, 2)",0.9,6
1588,0.9366666666666666,17,1,70.0,17,"(1, 1)",0.9,12
1589,0.9366666666666666,17,1,0.5,18,"(1, 1)",0.9,12
1590,0.9366666666666666,17,1,60.0,18,"(1, 2)",0.9,6
1591,0.9366666666666666,17,1,60.0,18,"(1, 3)",0.9,6
1592,0.9366666666666666,17,1,60.0,19,"(1, 4)",0.7,12
1593,0.9366666666666666,17,1,70.0,19,"(1, 4)",0.9,6
1594,0.9366666666666666,17,1,80.0,19,"(1, 1)",0.7,6
1595,0.9366666666666666,17,1,80.0,19,"(1, 2)",0.7,12
1596,0.9366666666666666,17,1,0.6,20,"(1, 3)",0.9,12
1597,0.9366666666666666,17,1,0.7,20,"(1, 3)",0.9,12
1598,0.9366666666666666,17,1,0.8,20,"(1, 3)",0.9,12
1599,0.9366666666666666,17,1,60.0,20,"(1, 4)",0.7,12
1600,0.9366666666666666,17,1,80.0,20,"(1, 2)",0.9,6
1601,0.9366666666666666,17,1,0.6,21,"(1, 4)",0.9,12
1602,0.9366666666666666,17,1,0.7,21,"(1, 4)",0.9,12
1603,0.9366666666666666,17,1,0.8,21,"(1, 4)",0.9,12
1604,0.935,17,1,70.0,4,"(1, 1)",0.9,12
1605,0.935,17,1,0.6,5,"(1, 2)",0.7,6
1606,0.935,17,1,0.6,5,"(1, 2)",0.7,12
1607,0.935,17,1,0.7,5,"(1, 2)",0.7,6
1608,0.935,17,1,0.7,5,"(1, 2)",0.7,12
1609,0.935,17,1,0.8,5,"(1, 2)",0.7,6
1610,0.935,17,1,0.8,5,"(1, 2)",0.7,12
1611,0.935,17,1,80.0,5,"(1, 3)",0.7,6
1612,0.935,17,1,0.5,6,"(1, 2)",0.9,6
1613,0.935,17,1,70.0,6,"(1, 4)",0.7,6
1614,0.935,17,1,70.0,6,"(1, 3)",0.7,12
1615,0.935,17,1,70.0,6,"(1, 4)",0.9,12
1616,0.935,17,1,80.0,6,"(1, 3)",0.9,6
1617,0.935,17,1,0.5,7,"(1, 4)",0.7,12
1618,0.935,17,1,0.6,7,"(1, 3)",0.7,12
1619,0.935,17,1,0.7,7,"(1, 3)",0.7,12
1620,0.935,17,1,0.8,7,"(1, 3)",0.7,12
1621,0.935,17,1,0.5,8,"(1, 4)",0.9,6
1622,0.935,17,1,0.6,8,"(1, 4)",0.9,6
1623,0.935,17,1,0.7,8,"(1, 4)",0.9,6
1624,0.935,17,1,0.8,8,"(1, 4)",0.9,6
1625,0.935,17,1,60.0,8,"(1, 3)",0.9,12
1626,0.935,17,1,0.6,9,"(1, 1)",0.7,12
1627,0.935,17,1,0.7,9,"(1, 1)",0.7,12
1628,0.935,17,1,0.8,9,"(1, 1)",0.7,12
1629,0.935,17,1,60.0,9,"(1, 1)",0.9,12
1630,0.935,17,1,0.6,10,"(1, 2)",0.9,6
1631,0.935,17,1,0.7,10,"(1, 2)",0.9,6
1632,0.935,17,1,0.8,10,"(1, 2)",0.9,6
1633,0.935,17,1,70.0,10,"(1, 3)",0.7,6
1634,0.935,17,1,70.0,10,"(1, 1)",0.9,12
1635,0.935,17,1,0.5,11,"(1, 1)",0.7,12
1636,0.935,17,1,0.6,11,"(1, 2)",0.9,12
1637,0.935,17,1,0.7,11,"(1, 2)",0.9,12
1638,0.935,17,1,0.8,11,"(1, 2)",0.9,12
1639,0.935,17,1,60.0,11,"(1, 2)",0.7,12
1640,0.935,17,1,70.0,11,"(1, 2)",0.9,6
1641,0.935,17,1,80.0,11,"(1, 3)",0.9,12
1642,0.935,17,1,80.0,12,"(1, 2)",0.9,12
1643,0.935,17,1,70.0,13,"(1, 3)",0.9,12
1644,0.935,17,1,70.0,14,"(1, 1)",0.7,12
1645,0.935,17,1,80.0,14,"(1, 3)",0.7,12
1646,0.935,17,1,80.0,14,"(1, 1)",0.9,12
1647,0.935,17,1,0.5,15,"(1, 1)",0.9,12
1648,0.935,17,1,60.0,15,"(1, 4)",0.9,6
1649,0.935,17,1,60.0,15,"(1, 3)",0.7,12
1650,0.935,17,1,60.0,15,"(1, 3)",0.9,12
1651,0.935,17,1,80.0,15,"(1, 1)",0.9,12
1652,0.935,17,1,0.6,16,"(1, 1)",0.9,6
1653,0.935,17,1,0.7,16,"(1, 1)",0.9,6
1654,0.935,17,1,0.8,16,"(1, 1)",0.9,6
1655,0.935,17,1,70.0,16,"(1, 2)",0.7,12
1656,0.935,17,1,60.0,17,"(1, 2)",0.7,6
1657,0.935,17,1,80.0,17,"(1, 3)",0.7,12
1658,0.935,17,1,0.6,18,"(1, 4)",0.7,12
1659,0.935,17,1,0.7,18,"(1, 4)",0.7,12
1660,0.935,17,1,0.8,18,"(1, 4)",0.7,12
1661,0.935,17,1,0.6,19,"(1, 3)",0.9,6
1662,0.935,17,1,0.7,19,"(1, 3)",0.9,6
1663,0.935,17,1,0.8,19,"(1, 3)",0.9,6
1664,0.935,17,1,60.0,19,"(1, 2)",0.7,12
1665,0.935,17,1,60.0,20,"(1, 2)",0.9,12
1666,0.935,17,1,80.0,20,"(1, 1)",0.9,12
1667,0.935,17,1,0.5,21,"(1, 1)",0.7,6
1668,0.9333333333333333,17,1,70.0,3,"(1, 2)",0.9,6
1669,0.9333333333333333,17,1,80.0,3,"(1, 2)",0.7,12
1670,0.9333333333333333,17,1,60.0,4,"(1, 2)",0.7,6
1671,0.9333333333333333,17,1,0.5,5,"(1, 1)",0.7,6
1672,0.9333333333333333,17,1,60.0,5,"(1, 1)",0.7,6
1673,0.9333333333333333,17,1,80.0,5,"(1, 2)",0.7,6
1674,0.9333333333333333,17,1,0.6,7,"(1, 4)",0.9,12
1675,0.9333333333333333,17,1,0.7,7,"(1, 4)",0.9,12
1676,0.9333333333333333,17,1,0.8,7,"(1, 4)",0.9,12
1677,0.9333333333333333,17,1,60.0,7,"(1, 1)",0.7,12
1678,0.9333333333333333,17,1,70.0,7,"(1, 1)",0.9,12
1679,0.9333333333333333,17,1,80.0,8,"(1, 1)",0.9,6
1680,0.9333333333333333,17,1,0.5,9,"(1, 3)",0.7,6
1681,0.9333333333333333,17,1,0.5,9,"(1, 3)",0.9,6
1682,0.9333333333333333,17,1,0.5,9,"(1, 1)",0.9,12
1683,0.9333333333333333,17,1,0.5,9,"(1, 2)",0.9,12
1684,0.9333333333333333,17,1,0.6,9,"(1, 2)",0.7,12
1685,0.9333333333333333,17,1,0.7,9,"(1, 2)",0.7,12
1686,0.9333333333333333,17,1,0.8,9,"(1, 2)",0.7,12
1687,0.9333333333333333,17,1,80.0,9,"(1, 1)",0.7,6
1688,0.9333333333333333,17,1,0.5,10,"(1, 1)",0.9,12
1689,0.9333333333333333,17,1,0.6,10,"(1, 2)",0.7,6
1690,0.9333333333333333,17,1,0.7,10,"(1, 2)",0.7,6
1691,0.9333333333333333,17,1,0.8,10,"(1, 2)",0.7,6
1692,0.9333333333333333,17,1,60.0,10,"(1, 2)",0.9,6
1693,0.9333333333333333,17,1,0.5,11,"(1, 1)",0.9,12
1694,0.9333333333333333,17,1,70.0,11,"(1, 4)",0.9,12
1695,0.9333333333333333,17,1,80.0,12,"(1, 2)",0.9,6
1696,0.9333333333333333,17,1,0.6,13,"(1, 4)",0.7,6
1697,0.9333333333333333,17,1,0.7,13,"(1, 4)",0.7,6
1698,0.9333333333333333,17,1,0.8,13,"(1, 4)",0.7,6
1699,0.9333333333333333,17,1,80.0,14,"(1, 1)",0.7,6
1700,0.9333333333333333,17,1,80.0,14,"(1, 3)",0.9,6
1701,0.9333333333333333,17,1,80.0,14,"(1, 1)",0.7,12
1702,0.9333333333333333,17,1,70.0,15,"(1, 1)",0.9,6
1703,0.9333333333333333,17,1,0.5,17,"(1, 1)",0.7,6
1704,0.9333333333333333,17,1,60.0,17,"(1, 4)",0.7,6
1705,0.9333333333333333,17,1,70.0,17,"(1, 3)",0.9,6
1706,0.9333333333333333,17,1,70.0,19,"(1, 4)",0.7,12
1707,0.9333333333333333,17,1,70.0,19,"(1, 1)",0.9,12
1708,0.9333333333333333,17,1,60.0,20,"(1, 1)",0.9,12
1709,0.9333333333333333,17,1,60.0,20,"(1, 4)",0.9,12
1710,0.9316666666666666,17,1,70.0,3,"(1, 1)",0.7,6
1711,0.9316666666666666,17,1,70.0,5,"(1, 1)",0.9,12
1712,0.9316666666666666,17,1,70.0,5,"(1, 4)",0.9,12
1713,0.9316666666666666,17,1,60.0,6,"(1, 1)",0.7,12
1714,0.9316666666666666,17,1,60.0,7,"(1, 1)",0.9,12
1715,0.9316666666666666,17,1,60.0,7,"(1, 3)",0.9,12
1716,0.9316666666666666,17,1,70.0,7,"(1, 4)",0.7,12
1717,0.9316666666666666,17,1,60.0,8,"(1, 4)",0.7,6
1718,0.9316666666666666,17,1,60.0,8,"(1, 4)",0.9,6
1719,0.9316666666666666,17,1,60.0,8,"(1, 1)",0.7,12
1720,0.9316666666666666,17,1,60.0,8,"(1, 4)",0.7,12
1721,0.9316666666666666,17,1,0.6,10,"(1, 2)",0.7,12
1722,0.9316666666666666,17,1,0.7,10,"(1, 2)",0.7,12
1723,0.9316666666666666,17,1,0.8,10,"(1, 2)",0.7,12
1724,0.9316666666666666,17,1,80.0,11,"(1, 3)",0.7,12
1725,0.9316666666666666,17,1,80.0,11,"(1, 2)",0.9,12
1726,0.9316666666666666,17,1,80.0,11,"(1, 4)",0.9,12
1727,0.9316666666666666,17,1,60.0,14,"(1, 1)",0.9,12
1728,0.9316666666666666,17,1,60.0,14,"(1, 2)",0.9,12
1729,0.9316666666666666,17,1,70.0,14,"(1, 3)",0.7,12
1730,0.9316666666666666,17,1,60.0,15,"(1, 1)",0.7,6
1731,0.9316666666666666,17,1,60.0,15,"(1, 3)",0.7,6
1732,0.9316666666666666,17,1,0.5,16,"(1, 2)",0.9,6
1733,0.9316666666666666,17,1,0.6,17,"(1, 1)",0.9,6
1734,0.9316666666666666,17,1,0.7,17,"(1, 1)",0.9,6
1735,0.9316666666666666,17,1,0.8,17,"(1, 1)",0.9,6
1736,0.9316666666666666,17,1,70.0,18,"(1, 1)",0.7,12
1737,0.9316666666666666,17,1,70.0,18,"(1, 2)",0.9,12
1738,0.9316666666666666,17,1,60.0,19,"(1, 2)",0.9,12
1739,0.9316666666666666,17,1,70.0,19,"(1, 2)",0.9,12
1740,0.9316666666666666,17,1,0.5,20,"(1, 3)",0.9,12
1741,0.9316666666666666,17,1,60.0,20,"(1, 3)",0.7,12
1742,0.9316666666666666,17,1,60.0,20,"(1, 3)",0.9,12
1743,0.9316666666666666,17,1,70.0,20,"(1, 3)",0.9,6
1744,0.93,17,1,0.6,3,"(1, 2)",0.7,6
1745,0.93,17,1,0.7,3,"(1, 2)",0.7,6
1746,0.93,17,1,0.8,3,"(1, 2)",0.7,6
1747,0.93,17,1,60.0,3,"(1, 1)",0.7,12
1748,0.93,17,1,0.6,4,"(1, 1)",0.9,6
1749,0.93,17,1,0.7,4,"(1, 1)",0.9,6
1750,0.93,17,1,0.8,4,"(1, 1)",0.9,6
1751,0.93,17,1,60.0,4,"(1, 1)",0.9,6
1752,0.93,17,1,60.0,6,"(1, 2)",0.9,12
1753,0.93,17,1,70.0,6,"(1, 4)",0.7,12
1754,0.93,17,1,80.0,6,"(1, 2)",0.9,12
1755,0.93,17,1,0.6,7,"(1, 2)",0.7,12
1756,0.93,17,1,0.7,7,"(1, 2)",0.7,12
1757,0.93,17,1,0.8,7,"(1, 2)",0.7,12
1758,0.93,17,1,60.0,7,"(1, 3)",0.7,6
1759,0.93,17,1,80.0,8,"(1, 1)",0.7,12
1760,0.93,17,1,0.6,9,"(1, 1)",0.7,6
1761,0.93,17,1,0.7,9,"(1, 1)",0.7,6
1762,0.93,17,1,0.8,9,"(1, 1)",0.7,6
1763,0.93,17,1,70.0,9,"(1, 3)",0.9,12
1764,0.93,17,1,0.6,10,"(1, 4)",0.9,6
1765,0.93,17,1,0.7,10,"(1, 4)",0.9,6
1766,0.93,17,1,0.8,10,"(1, 4)",0.9,6
1767,0.93,17,1,70.0,10,"(1, 2)",0.7,6
1768,0.93,17,1,60.0,11,"(1, 4)",0.7,12
1769,0.93,17,1,70.0,11,"(1, 3)",0.9,6
1770,0.93,17,1,60.0,13,"(1, 4)",0.9,6
1771,0.93,17,1,70.0,13,"(1, 2)",0.7,12
1772,0.93,17,1,60.0,15,"(1, 4)",0.7,12
1773,0.93,17,1,60.0,16,"(1, 2)",0.7,12
1774,0.93,17,1,80.0,18,"(1, 1)",0.9,12
1775,0.93,17,1,0.6,19,"(1, 3)",0.7,12
1776,0.93,17,1,0.7,19,"(1, 3)",0.7,12
1777,0.93,17,1,0.8,19,"(1, 3)",0.7,12
1778,0.93,17,1,60.0,19,"(1, 4)",0.9,12
1779,0.93,17,1,60.0,21,"(1, 2)",0.9,12
1780,0.9283333333333333,17,1,0.5,3,"(1, 3)",0.9,6
1781,0.9283333333333333,17,1,80.0,3,"(1, 2)",0.9,12
1782,0.9283333333333333,17,1,80.0,5,"(1, 4)",0.7,12
1783,0.9283333333333333,17,1,0.5,6,"(1, 3)",0.9,6
1784,0.9283333333333333,17,1,60.0,6,"(1, 4)",0.7,12
1785,0.9283333333333333,17,1,80.0,6,"(1, 3)",0.9,12
1786,0.9283333333333333,17,1,0.6,7,"(1, 2)",0.9,12
1787,0.9283333333333333,17,1,0.7,7,"(1, 2)",0.9,12
1788,0.9283333333333333,17,1,0.8,7,"(1, 2)",0.9,12
1789,0.9283333333333333,17,1,70.0,7,"(1, 2)",0.7,12
1790,0.9283333333333333,17,1,70.0,7,"(1, 3)",0.9,12
1791,0.9283333333333333,17,1,80.0,7,"(1, 4)",0.7,6
1792,0.9283333333333333,17,1,80.0,8,"(1, 3)",0.9,12
1793,0.9283333333333333,17,1,60.0,9,"(1, 2)",0.7,12
1794,0.9283333333333333,17,1,60.0,9,"(1, 4)",0.7,12
1795,0.9283333333333333,17,1,70.0,9,"(1, 1)",0.7,6
1796,0.9283333333333333,17,1,70.0,9,"(1, 1)",0.9,12
1797,0.9283333333333333,17,1,60.0,10,"(1, 3)",0.7,6
1798,0.9283333333333333,17,1,80.0,10,"(1, 3)",0.9,12
1799,0.9283333333333333,17,1,60.0,12,"(1, 2)",0.7,12
1800,0.9283333333333333,17,1,70.0,12,"(1, 3)",0.9,12
1801,0.9283333333333333,17,1,80.0,12,"(1, 3)",0.9,6
1802,0.9283333333333333,17,1,80.0,12,"(1, 1)",0.9,12
1803,0.9283333333333333,17,1,60.0,13,"(1, 3)",0.9,12
1804,0.9283333333333333,17,1,70.0,13,"(1, 1)",0.9,6
1805,0.9283333333333333,17,1,70.0,13,"(1, 1)",0.9,12
1806,0.9283333333333333,17,1,70.0,15,"(1, 1)",0.9,12
1807,0.9283333333333333,17,1,70.0,16,"(1, 1)",0.9,12
1808,0.9283333333333333,17,1,80.0,16,"(1, 4)",0.9,6
1809,0.9266666666666666,17,1,0.5,3,"(1, 2)",0.7,12
1810,0.9266666666666666,17,1,60.0,3,"(1, 3)",0.7,6
1811,0.9266666666666666,17,1,60.0,3,"(1, 2)",0.9,6
1812,0.9266666666666666,17,1,70.0,3,"(1, 1)",0.9,12
1813,0.9266666666666666,17,1,0.5,4,"(1, 1)",0.9,12
1814,0.9266666666666666,17,1,70.0,4,"(1, 2)",0.9,6
1815,0.9266666666666666,17,1,80.0,4,"(1, 2)",0.7,6
1816,0.9266666666666666,17,1,0.6,5,"(1, 4)",0.9,6
1817,0.9266666666666666,17,1,0.7,5,"(1, 4)",0.9,6
1818,0.9266666666666666,17,1,0.8,5,"(1, 4)",0.9,6
1819,0.9266666666666666,17,1,70.0,5,"(1, 4)",0.7,12
1820,0.9266666666666666,17,1,80.0,5,"(1, 3)",0.9,12
1821,0.9266666666666666,17,1,60.0,6,"(1, 3)",0.9,6
1822,0.9266666666666666,17,1,0.6,9,"(1, 1)",0.9,6
1823,0.9266666666666666,17,1,0.7,9,"(1, 1)",0.9,6
1824,0.9266666666666666,17,1,0.8,9,"(1, 1)",0.9,6
1825,0.9266666666666666,17,1,70.0,9,"(1, 1)",0.7,12
1826,0.9266666666666666,17,1,60.0,10,"(1, 4)",0.9,12
1827,0.9266666666666666,17,1,80.0,10,"(1, 1)",0.7,6
1828,0.9266666666666666,17,1,70.0,11,"(1, 1)",0.9,12
1829,0.9266666666666666,17,1,60.0,12,"(1, 3)",0.7,12
1830,0.9266666666666666,17,1,60.0,12,"(1, 1)",0.9,12
1831,0.9266666666666666,17,1,70.0,12,"(1, 2)",0.7,12
1832,0.9266666666666666,17,1,70.0,12,"(1, 2)",0.9,12
1833,0.9266666666666666,17,1,60.0,13,"(1, 4)",0.7,6
1834,0.9266666666666666,17,1,60.0,13,"(1, 2)",0.9,6
1835,0.9266666666666666,17,1,80.0,13,"(1, 1)",0.7,12
1836,0.9266666666666666,17,1,60.0,14,"(1, 2)",0.7,6
1837,0.9266666666666666,17,1,70.0,14,"(1, 1)",0.7,6
1838,0.9266666666666666,17,1,70.0,15,"(1, 2)",0.9,12
1839,0.9266666666666666,17,1,60.0,17,"(1, 3)",0.9,12
1840,0.9266666666666666,17,1,70.0,17,"(1, 2)",0.9,12
1841,0.9266666666666666,17,1,70.0,19,"(1, 3)",0.9,12
1842,0.9266666666666666,17,1,60.0,20,"(1, 3)",0.7,6
1843,0.9266666666666666,17,1,80.0,20,"(1, 4)",0.9,12
1844,0.9266666666666666,17,1,60.0,21,"(1, 1)",0.7,12
1845,0.925,17,1,60.0,3,"(1, 1)",0.9,6
1846,0.925,17,1,70.0,3,"(1, 1)",0.9,6
1847,0.925,17,1,80.0,3,"(1, 2)",0.9,6
1848,0.925,17,1,80.0,3,"(1, 4)",0.9,12
1849,0.925,17,1,60.0,4,"(1, 2)",0.9,12
1850,0.925,17,1,0.5,5,"(1, 1)",0.9,12
1851,0.925,17,1,0.6,5,"(1, 3)",0.7,12
1852,0.925,17,1,0.7,5,"(1, 3)",0.7,12
1853,0.925,17,1,0.8,5,"(1, 3)",0.7,12
1854,0.925,17,1,70.0,5,"(1, 4)",0.7,6
1855,0.925,17,1,70.0,8,"(1, 4)",0.9,12
1856,0.925,17,1,70.0,9,"(1, 4)",0.9,12
1857,0.925,17,1,70.0,10,"(1, 2)",0.9,6
1858,0.925,17,1,80.0,10,"(1, 4)",0.7,12
1859,0.925,17,1,70.0,15,"(1, 3)",0.9,12
1860,0.925,17,1,60.0,16,"(1, 2)",0.9,6
1861,0.925,17,1,70.0,16,"(1, 4)",0.9,6
1862,0.925,17,1,80.0,17,"(1, 3)",0.7,6
1863,0.925,17,1,70.0,18,"(1, 3)",0.9,12
1864,0.925,17,1,70.0,21,"(1, 1)",0.7,12
1865,0.9233333333333333,17,1,0.5,3,"(1, 3)",0.7,6
1866,0.9233333333333333,17,1,0.5,3,"(1, 1)",0.7,12
1867,0.9233333333333333,17,1,70.0,4,"(1, 3)",0.9,6
1868,0.9233333333333333,17,1,80.0,6,"(1, 3)",0.7,6
1869,0.9233333333333333,17,1,80.0,6,"(1, 3)",0.7,12
1870,0.9233333333333333,17,1,70.0,9,"(1, 2)",0.9,12
1871,0.9233333333333333,17,1,80.0,10,"(1, 1)",0.9,12
1872,0.9233333333333333,17,1,70.0,12,"(1, 1)",0.7,12
1873,0.9233333333333333,17,1,80.0,12,"(1, 4)",0.9,12
1874,0.9233333333333333,17,1,60.0,13,"(1, 2)",0.7,6
1875,0.9233333333333333,17,1,60.0,14,"(1, 3)",0.9,6
1876,0.9233333333333333,17,1,70.0,14,"(1, 3)",0.9,12
1877,0.9233333333333333,17,1,60.0,15,"(1, 2)",0.7,12
1878,0.9233333333333333,17,1,70.0,16,"(1, 3)",0.7,6
1879,0.9233333333333333,17,1,80.0,18,"(1, 4)",0.9,6
1880,0.9233333333333333,17,1,70.0,21,"(1, 1)",0.9,12
1881,0.9216666666666666,17,1,70.0,3,"(1, 1)",0.7,12
1882,0.9216666666666666,17,1,70.0,3,"(1, 3)",0.7,12
1883,0.9216666666666666,17,1,60.0,4,"(1, 2)",0.9,6
1884,0.9216666666666666,17,1,60.0,4,"(1, 1)",0.9,12
1885,0.9216666666666666,17,1,80.0,4,"(1, 2)",0.9,6
1886,0.9216666666666666,17,1,0.6,5,"(1, 4)",0.7,6
1887,0.9216666666666666,17,1,0.7,5,"(1, 4)",0.7,6
1888,0.9216666666666666,17,1,0.8,5,"(1, 4)",0.7,6
1889,0.9216666666666666,17,1,60.0,6,"(1, 1)",0.9,6
1890,0.9216666666666666,17,1,60.0,6,"(1, 2)",0.9,6
1891,0.9216666666666666,17,1,0.5,7,"(1, 3)",0.9,12
1892,0.9216666666666666,17,1,60.0,7,"(1, 2)",0.7,12
1893,0.9216666666666666,17,1,60.0,7,"(1, 3)",0.7,12
1894,0.9216666666666666,17,1,70.0,8,"(1, 3)",0.9,12
1895,0.9216666666666666,17,1,0.6,9,"(1, 1)",0.9,12
1896,0.9216666666666666,17,1,0.7,9,"(1, 1)",0.9,12
1897,0.9216666666666666,17,1,0.8,9,"(1, 1)",0.9,12
1898,0.9216666666666666,17,1,60.0,9,"(1, 3)",0.7,12
1899,0.9216666666666666,17,1,80.0,9,"(1, 3)",0.9,12
1900,0.9216666666666666,17,1,0.5,13,"(1, 1)",0.9,12
1901,0.9216666666666666,17,1,70.0,20,"(1, 4)",0.7,12
1902,0.92,17,1,0.5,3,"(1, 1)",0.9,12
1903,0.92,17,1,60.0,3,"(1, 3)",0.7,12
1904,0.92,17,1,80.0,3,"(1, 3)",0.7,6
1905,0.92,17,1,80.0,4,"(1, 1)",0.7,6
1906,0.92,17,1,60.0,5,"(1, 3)",0.7,12
1907,0.92,17,1,60.0,5,"(1, 4)",0.7,12
1908,0.92,17,1,60.0,6,"(1, 1)",0.9,12
1909,0.92,17,1,60.0,7,"(1, 4)",0.7,12
1910,0.92,17,1,70.0,16,"(1, 3)",0.9,12
1911,0.92,17,1,70.0,21,"(1, 3)",0.9,6
1912,0.9183333333333333,17,1,0.5,4,"(1, 4)",0.7,6
1913,0.9183333333333333,17,1,80.0,4,"(1, 3)",0.7,6
1914,0.9183333333333333,17,1,80.0,4,"(1, 1)",0.9,12
1915,0.9183333333333333,17,1,60.0,5,"(1, 4)",0.9,12
1916,0.9183333333333333,17,1,60.0,7,"(1, 4)",0.9,12
1917,0.9183333333333333,17,1,70.0,11,"(1, 4)",0.9,6
1918,0.9183333333333333,17,1,60.0,15,"(1, 1)",0.9,12
1919,0.9166666666666666,17,1,0.6,3,"(1, 4)",0.9,6
1920,0.9166666666666666,17,1,0.7,3,"(1, 4)",0.9,6
1921,0.9166666666666666,17,1,0.8,3,"(1, 4)",0.9,6
1922,0.9166666666666666,17,1,70.0,3,"(1, 3)",0.9,12
1923,0.9166666666666666,17,1,80.0,3,"(1, 2)",0.7,6
1924,0.9166666666666666,17,1,60.0,4,"(1, 1)",0.7,6
1925,0.9166666666666666,17,1,80.0,8,"(1, 1)",0.7,6
1926,0.915,17,1,80.0,4,"(1, 2)",0.9,12
1927,0.915,17,1,0.6,5,"(1, 2)",0.9,6
1928,0.915,17,1,0.7,5,"(1, 2)",0.9,6
1929,0.915,17,1,0.8,5,"(1, 2)",0.9,6
1930,0.915,17,1,60.0,5,"(1, 3)",0.9,12
1931,0.915,17,1,80.0,6,"(1, 4)",0.9,12
1932,0.915,17,1,70.0,10,"(1, 2)",0.9,12
1933,0.915,17,1,60.0,12,"(1, 1)",0.9,6
1934,0.915,17,1,0.5,18,"(1, 2)",0.9,6
1935,0.915,17,1,70.0,18,"(1, 4)",0.9,12
1936,0.915,17,1,60.0,21,"(1, 1)",0.9,6
1937,0.9133333333333333,17,1,0.6,3,"(1, 2)",0.7,12
1938,0.9133333333333333,17,1,0.7,3,"(1, 2)",0.7,12
1939,0.9133333333333333,17,1,0.8,3,"(1, 2)",0.7,12
1940,0.9133333333333333,17,1,80.0,3,"(1, 1)",0.9,12
1941,0.9133333333333333,17,1,60.0,4,"(1, 1)",0.7,12
1942,0.9133333333333333,17,1,0.5,6,"(1, 2)",0.9,12
1943,0.9133333333333333,17,1,60.0,6,"(1, 4)",0.9,12
1944,0.9133333333333333,17,1,80.0,9,"(1, 4)",0.9,12
1945,0.9133333333333333,17,1,70.0,10,"(1, 2)",0.7,12
1946,0.9133333333333333,17,1,70.0,12,"(1, 1)",0.9,12
1947,0.9133333333333333,17,1,0.6,16,"(1, 4)",0.9,12
1948,0.9133333333333333,17,1,0.7,16,"(1, 4)",0.9,12
1949,0.9133333333333333,17,1,0.8,16,"(1, 4)",0.9,12
1950,0.9116666666666666,17,1,80.0,3,"(1, 4)",0.9,6
1951,0.9116666666666666,17,1,80.0,5,"(1, 4)",0.9,6
1952,0.9116666666666666,17,1,0.6,7,"(1, 4)",0.7,6
1953,0.9116666666666666,17,1,0.7,7,"(1, 4)",0.7,6
1954,0.9116666666666666,17,1,0.8,7,"(1, 4)",0.7,6
1955,0.9116666666666666,17,1,80.0,21,"(1, 1)",0.9,6
1956,0.91,17,1,70.0,3,"(1, 3)",0.9,6
1957,0.91,17,1,80.0,4,"(1, 3)",0.9,12
1958,0.91,17,1,60.0,7,"(1, 2)",0.7,6
1959,0.91,17,1,60.0,7,"(1, 2)",0.9,6
1960,0.9083333333333333,17,1,0.6,3,"(1, 3)",0.7,6
1961,0.9083333333333333,17,1,0.7,3,"(1, 3)",0.7,6
1962,0.9083333333333333,17,1,0.8,3,"(1, 3)",0.7,6
1963,0.9083333333333333,17,1,70.0,4,"(1, 2)",0.7,12
1964,0.9083333333333333,17,1,0.5,5,"(1, 3)",0.9,12
1965,0.9083333333333333,17,1,60.0,8,"(1, 4)",0.9,12
1966,0.9083333333333333,17,1,70.0,8,"(1, 4)",0.9,6
1967,0.9083333333333333,17,1,60.0,15,"(1, 2)",0.9,12
1968,0.9066666666666666,17,1,60.0,3,"(1, 1)",0.9,12
1969,0.9066666666666666,17,1,80.0,5,"(1, 2)",0.7,12
1970,0.9066666666666666,17,1,80.0,5,"(1, 4)",0.9,12
1971,0.9066666666666666,17,1,70.0,19,"(1, 2)",0.7,12
1972,0.905,17,1,0.5,4,"(1, 3)",0.7,12
1973,0.905,17,1,0.5,4,"(1, 3)",0.9,12
1974,0.905,17,1,70.0,4,"(1, 2)",0.7,6
1975,0.905,17,1,80.0,7,"(1, 4)",0.9,12
1976,0.905,17,1,60.0,8,"(1, 1)",0.9,12
1977,0.9033333333333333,17,1,60.0,3,"(1, 2)",0.7,12
1978,0.9033333333333333,17,1,60.0,3,"(1, 4)",0.9,12
1979,0.9033333333333333,17,1,70.0,4,"(1, 3)",0.7,6
1980,0.9033333333333333,17,1,70.0,4,"(1, 4)",0.9,6
1981,0.9033333333333333,17,1,60.0,13,"(1, 3)",0.9,6
1982,0.9016666666666666,17,1,0.5,5,"(1, 4)",0.7,6
1983,0.9016666666666666,17,1,60.0,15,"(1, 3)",0.9,6
1984,0.9,17,1,60.0,3,"(1, 4)",0.7,12
1985,0.9,17,1,80.0,3,"(1, 4)",0.7,6
1986,0.9,17,1,0.6,4,"(1, 2)",0.7,12
1987,0.9,17,1,0.7,4,"(1, 2)",0.7,12
1988,0.9,17,1,0.8,4,"(1, 2)",0.7,12
1989,0.9,17,1,0.5,5,"(1, 2)",0.9,12
1990,0.8983333333333333,17,1,0.6,3,"(1, 4)",0.7,12
1991,0.8983333333333333,17,1,0.7,3,"(1, 4)",0.7,12
1992,0.8983333333333333,17,1,0.8,3,"(1, 4)",0.7,12
1993,0.8966666666666666,17,1,0.6,3,"(1, 2)",0.9,12
1994,0.8966666666666666,17,1,0.7,3,"(1, 2)",0.9,12
1995,0.8966666666666666,17,1,0.8,3,"(1, 2)",0.9,12
1996,0.8966666666666666,17,1,70.0,3,"(1, 2)",0.7,12
1997,0.8966666666666666,17,1,70.0,3,"(1, 4)",0.7,12
1998,0.8966666666666666,17,1,0.6,4,"(1, 2)",0.9,6
1999,0.8966666666666666,17,1,0.7,4,"(1, 2)",0.9,6
2000,0.8966666666666666,17,1,0.8,4,"(1, 2)",0.9,6
2001,0.8966666666666666,17,1,80.0,4,"(1, 2)",0.7,12
2002,0.8966666666666666,17,1,80.0,4,"(1, 3)",0.7,12
2003,0.895,17,1,60.0,4,"(1, 4)",0.7,6
2004,0.895,17,1,0.5,5,"(1, 4)",0.7,12
2005,0.895,17,1,80.0,12,"(1, 2)",0.7,6
2006,0.8933333333333333,17,1,0.5,3,"(1, 2)",0.9,12
2007,0.8933333333333333,17,1,0.6,4,"(1, 2)",0.7,6
2008,0.8933333333333333,17,1,0.7,4,"(1, 2)",0.7,6
2009,0.8933333333333333,17,1,0.8,4,"(1, 2)",0.7,6
2010,0.8933333333333333,17,1,60.0,5,"(1, 2)",0.9,12
2011,0.8933333333333333,17,1,0.6,6,"(1, 3)",0.9,6
2012,0.8933333333333333,17,1,0.6,6,"(1, 3)",0.9,12
2013,0.8933333333333333,17,1,0.7,6,"(1, 3)",0.9,6
2014,0.8933333333333333,17,1,0.7,6,"(1, 3)",0.9,12
2015,0.8933333333333333,17,1,0.8,6,"(1, 3)",0.9,6
2016,0.8933333333333333,17,1,0.8,6,"(1, 3)",0.9,12
2017,0.8933333333333333,17,1,60.0,14,"(1, 2)",0.7,12
2018,0.89,17,1,60.0,3,"(1, 3)",0.9,12
2019,0.89,17,1,80.0,7,"(1, 3)",0.7,12
2020,0.8883333333333333,17,1,70.0,3,"(1, 4)",0.9,6
2021,0.8866666666666667,17,1,0.6,3,"(1, 4)",0.7,6
2022,0.8866666666666667,17,1,0.7,3,"(1, 4)",0.7,6
2023,0.8866666666666667,17,1,0.8,3,"(1, 4)",0.7,6
2024,0.8866666666666667,17,1,0.6,4,"(1, 3)",0.9,6
2025,0.8866666666666667,17,1,0.7,4,"(1, 3)",0.9,6
2026,0.8866666666666667,17,1,0.8,4,"(1, 3)",0.9,6
2027,0.8866666666666667,17,1,60.0,4,"(1, 3)",0.7,6
2028,0.8866666666666667,17,1,70.0,4,"(1, 2)",0.9,12
2029,0.8866666666666667,17,1,0.6,5,"(1, 4)",0.7,12
2030,0.8866666666666667,17,1,0.6,5,"(1, 3)",0.9,12
2031,0.8866666666666667,17,1,0.7,5,"(1, 4)",0.7,12
2032,0.8866666666666667,17,1,0.7,5,"(1, 3)",0.9,12
2033,0.8866666666666667,17,1,0.8,5,"(1, 4)",0.7,12
2034,0.8866666666666667,17,1,0.8,5,"(1, 3)",0.9,12
2035,0.885,17,1,0.6,3,"(1, 2)",0.9,6
2036,0.885,17,1,0.7,3,"(1, 2)",0.9,6
2037,0.885,17,1,0.8,3,"(1, 2)",0.9,6
2038,0.885,17,1,0.5,4,"(1, 2)",0.7,12
2039,0.885,17,1,60.0,4,"(1, 4)",0.7,12
2040,0.885,17,1,70.0,4,"(1, 3)",0.7,12
2041,0.885,17,1,70.0,6,"(1, 2)",0.9,12
2042,0.8833333333333333,17,1,60.0,3,"(1, 2)",0.9,12
2043,0.8833333333333333,17,1,0.5,4,"(1, 3)",0.7,6
2044,0.8833333333333333,17,1,60.0,4,"(1, 3)",0.7,12
2045,0.8816666666666667,17,1,0.5,4,"(1, 2)",0.7,6
2046,0.88,17,1,0.6,3,"(1, 3)",0.7,12
2047,0.88,17,1,0.7,3,"(1, 3)",0.7,12
2048,0.88,17,1,0.8,3,"(1, 3)",0.7,12
2049,0.88,17,1,80.0,3,"(1, 3)",0.7,12
2050,0.88,17,1,80.0,3,"(1, 4)",0.7,12
2051,0.88,17,1,0.5,4,"(1, 3)",0.9,6
2052,0.8783333333333333,17,1,60.0,3,"(1, 2)",0.7,6
2053,0.8783333333333333,17,1,0.6,4,"(1, 3)",0.7,6
2054,0.8783333333333333,17,1,0.6,4,"(1, 4)",0.7,6
2055,0.8783333333333333,17,1,0.7,4,"(1, 3)",0.7,6
2056,0.8783333333333333,17,1,0.7,4,"(1, 4)",0.7,6
2057,0.8783333333333333,17,1,0.8,4,"(1, 3)",0.7,6
2058,0.8783333333333333,17,1,0.8,4,"(1, 4)",0.7,6
2059,0.8766666666666667,17,1,70.0,3,"(1, 3)",0.7,6
2060,0.8766666666666667,17,1,60.0,12,"(1, 4)",0.7,12
2061,0.8733333333333333,17,1,0.6,5,"(1, 2)",0.9,12
2062,0.8733333333333333,17,1,0.7,5,"(1, 2)",0.9,12
2063,0.8733333333333333,17,1,0.8,5,"(1, 2)",0.9,12
2064,0.8716666666666667,17,1,60.0,4,"(1, 2)",0.7,12
2065,0.87,17,1,80.0,4,"(1, 4)",0.9,6
2066,0.8666666666666667,17,1,0.5,4,"(1, 2)",0.9,6
2067,0.8666666666666667,17,1,0.5,4,"(1, 4)",0.9,6
2068,0.8633333333333333,17,1,0.5,3,"(1, 4)",0.7,6
2069,0.8633333333333333,17,1,0.5,5,"(1, 3)",0.7,12
2070,0.8583333333333333,17,1,0.5,3,"(1, 4)",0.9,6
2071,0.8583333333333333,17,1,0.6,3,"(1, 3)",0.9,6
2072,0.8583333333333333,17,1,0.7,3,"(1, 3)",0.9,6
2073,0.8583333333333333,17,1,0.8,3,"(1, 3)",0.9,6
2074,0.8566666666666667,17,1,60.0,4,"(1, 3)",0.9,6
2075,0.8533333333333334,17,1,0.5,5,"(1, 3)",0.9,6
2076,0.8466666666666667,17,1,0.6,5,"(1, 4)",0.9,12
2077,0.8466666666666667,17,1,0.7,5,"(1, 4)",0.9,12
2078,0.8466666666666667,17,1,0.8,5,"(1, 4)",0.9,12
2079,0.845,17,1,80.0,4,"(1, 3)",0.9,6
2080,0.8433333333333334,17,1,0.5,3,"(1, 4)",0.9,12
2081,0.8433333333333334,17,1,0.6,3,"(1, 4)",0.9,12
2082,0.8433333333333334,17,1,0.7,3,"(1, 4)",0.9,12
2083,0.8433333333333334,17,1,0.8,3,"(1, 4)",0.9,12
2084,0.8416666666666667,17,1,70.0,3,"(1, 2)",0.9,12
2085,0.8416666666666667,17,1,0.5,5,"(1, 4)",0.9,6
2086,0.84,17,1,0.6,4,"(1, 3)",0.7,12
2087,0.84,17,1,0.7,4,"(1, 3)",0.7,12
2088,0.84,17,1,0.8,4,"(1, 3)",0.7,12
2089,0.84,17,1,60.0,4,"(1, 4)",0.9,6
2090,0.8383333333333334,17,1,0.6,3,"(1, 3)",0.9,12
2091,0.8383333333333334,17,1,0.7,3,"(1, 3)",0.9,12
2092,0.8383333333333334,17,1,0.8,3,"(1, 3)",0.9,12
2093,0.8366666666666667,17,1,70.0,3,"(1, 4)",0.9,12
2094,0.835,17,1,0.5,3,"(1, 3)",0.9,12
2095,0.835,17,1,0.5,4,"(1, 2)",0.9,12
2096,0.83,17,1,0.5,3,"(1, 4)",0.7,12
2097,0.8283333333333334,17,1,0.6,4,"(1, 2)",0.9,12
2098,0.8283333333333334,17,1,0.7,4,"(1, 2)",0.9,12
2099,0.8283333333333334,17,1,0.8,4,"(1, 2)",0.9,12
2100,0.8283333333333334,17,1,0.5,5,"(1, 3)",0.7,6
2101,0.8233333333333334,17,1,60.0,3,"(1, 3)",0.9,6
2102,0.8233333333333334,17,1,80.0,3,"(1, 3)",0.9,12
2103,0.8216666666666667,17,1,60.0,4,"(1, 4)",0.9,12
2104,0.8166666666666667,17,1,0.5,3,"(1, 2)",0.9,6
2105,0.815,17,1,70.0,4,"(1, 3)",0.9,12
2106,0.805,17,1,80.0,4,"(1, 4)",0.7,12
2107,0.8033333333333333,17,1,60.0,4,"(1, 3)",0.9,12
2108,0.8,17,1,0.6,4,"(1, 4)",0.9,6
2109,0.8,17,1,0.7,4,"(1, 4)",0.9,6
2110,0.8,17,1,0.8,4,"(1, 4)",0.9,6
2111,0.7866666666666666,17,1,70.0,4,"(1, 4)",0.7,12
2112,0.7866666666666666,17,1,70.0,4,"(1, 4)",0.9,12
2113,0.7766666666666666,17,1,0.5,3,"(1, 3)",0.7,12
2114,0.755,17,1,0.6,4,"(1, 4)",0.7,12
2115,0.755,17,1,0.7,4,"(1, 4)",0.7,12
2116,0.755,17,1,0.8,4,"(1, 4)",0.7,12
2117,0.7516666666666667,17,1,0.5,5,"(1, 4)",0.9,12
2118,0.745,17,1,70.0,4,"(1, 4)",0.7,6
2119,0.7266666666666667,17,1,0.5,4,"(1, 4)",0.7,12
2120,0.7166666666666667,17,1,80.0,4,"(1, 4)",0.9,12
2121,0.71,17,1,0.6,4,"(1, 3)",0.9,12
2122,0.71,17,1,0.7,4,"(1, 3)",0.9,12
2123,0.71,17,1,0.8,4,"(1, 3)",0.9,12
2124,0.7066666666666667,17,1,0.5,4,"(1, 4)",0.9,12
2125,0.695,17,1,0.6,4,"(1, 4)",0.9,12
2126,0.695,17,1,0.7,4,"(1, 4)",0.9,12
2127,0.695,17,1,0.8,4,"(1, 4)",0.9,12
